IP Address,Common Name,Organization,Country,Locality,Province,Subject Alternative DNS Name,Subject Alternative IP address,Self-signed
IP Address,Common Name,Organization,Country,Locality,Province,Subject Alternative DNS Name,Subject Alternative IP address,Self-signed
IP Address,Common Name,Organization,Country,Locality,Province,Subject Alternative DNS Name,Subject Alternative IP address,Self-signed
IP Address,Common Name,Organization,Country,Locality,Province,Subject Alternative DNS Name,Subject Alternative IP address,Self-signed
IP Address,Common Name,Organization,Country,Locality,Province,Subject Alternative DNS Name,Subject Alternative IP address,Self-signed
IP Address,Common Name,Organization,Country,Locality,Province,Subject Alternative DNS Name,Subject Alternative IP address,Self-signed
IP Address,Common Name,Organization,Country,Locality,Province,Subject Alternative DNS Name,Subject Alternative IP address,Self-signed
IP Address,Common Name,Organization,Country,Locality,Province,Subject Alternative DNS Name,Subject Alternative IP address,Self-signed
IP Address,Common Name,Organization,Country,Locality,Province,Subject Alternative DNS Name,Subject Alternative IP address,Self-signed
IP Address,Common Name,Organization,Country,Locality,Province,Subject Alternative DNS Name,Subject Alternative IP address,Self-signed
IP Address,Common Name,Organization,Country,Locality,Province,Subject Alternative DNS Name,Subject Alternative IP address,Self-signed
IP Address,Common Name,Organization,Country,Locality,Province,Subject Alternative DNS Name,Subject Alternative IP address,Self-signed
IP Address,Common Name,Organization,Country,Locality,Province,Subject Alternative DNS Name,Subject Alternative IP address,Self-signed
IP Address,Common Name,Organization,Country,Locality,Province,Subject Alternative DNS Name,Subject Alternative IP address,Self-signed
"13.43.244.206","www.safergamblinginfo.com","","","","","www.safergamblinginfo.com|www.safergamblinghelp.ca|www.safergamblinghelp.online|www.safergamblinginfo.online|www.safergamblinghelp.com|www.safergamblinginfo.ca","","false"
"13.43.244.207","reports.app.pxt.ai","","","","","reports.app.pxt.ai","","false"
"13.43.244.205","preview-prod-cs.digital-ent-int.bt.com","","","","","preview-prod-cs.digital-ent-int.bt.com|business-bt-com-prod-cs.digital-ent-int.bt.com|business-bt-com-prod-cf.digital-ent-int.bt.com|business-bt-com-prod-ssr.digital-ent-int.bt.com","","false"
"13.43.244.214","lootbuildsurvive.com","","","","","lootbuildsurvive.com|www.loot-build-survive.com|www.lootbuildsurvive.com|loot-build-survive.com","","false"
"13.43.244.215","*.eu-west-2.es.amazonaws.com","","","","","*.eu-west-2.es.amazonaws.com","","false"
"13.43.244.218","*.boomi.cloud","","","","","*.boomi.cloud|boomi.cloud","","false"
"13.43.244.221","dashboard.dev.parkbunny.app","","","","","dashboard.dev.parkbunny.app|api.dev.parkbunny.app|api.retail.dev.parkbunny.app","","false"
"13.43.244.220","4758.vpn.sse.cisco.com","Cisco Systems Inc.","US","San Jose","California","4758.vpn.sse.cisco.com|entry0-4758.vpn.sse.cisco.com|entry1-4758.vpn.sse.cisco.com|entry2-4758.vpn.sse.cisco.com|entry3-4758.vpn.sse.cisco.com|entry4-4758.vpn.sse.cisco.com|entry5-4758.vpn.sse.cisco.com|entry6-4758.vpn.sse.cisco.com|entry7-4758.vpn.sse.cisco.com|entry8-4758.vpn.sse.cisco.com|entry9-4758.vpn.sse.cisco.com|entry10-4758.vpn.sse.cisco.com|entry11-4758.vpn.sse.cisco.com|entry12-4758.vpn.sse.cisco.com|entry13-4758.vpn.sse.cisco.com|entry14-4758.vpn.sse.cisco.com|entry15-4758.vpn.sse.cisco.com|entry16-4758.vpn.sse.cisco.com|entry17-4758.vpn.sse.cisco.com|entry18-4758.vpn.sse.cisco.com|entry19-4758.vpn.sse.cisco.com|entry20-4758.vpn.sse.cisco.com|entry21-4758.vpn.sse.cisco.com|entry22-4758.vpn.sse.cisco.com|entry23-4758.vpn.sse.cisco.com|entry24-4758.vpn.sse.cisco.com|entry25-4758.vpn.sse.cisco.com|entry26-4758.vpn.sse.cisco.com|entry27-4758.vpn.sse.cisco.com|entry28-4758.vpn.sse.cisco.com|entry29-4758.vpn.sse.cisco.com|entry30-4758.vpn.sse.cisco.com|entry31-4758.vpn.sse.cisco.com|entry32-4758.vpn.sse.cisco.com|entry33-4758.vpn.sse.cisco.com|entry34-4758.vpn.sse.cisco.com|entry35-4758.vpn.sse.cisco.com|entry36-4758.vpn.sse.cisco.com|entry37-4758.vpn.sse.cisco.com|entry38-4758.vpn.sse.cisco.com|entry39-4758.vpn.sse.cisco.com|entry40-4758.vpn.sse.cisco.com|entry41-4758.vpn.sse.cisco.com|entry42-4758.vpn.sse.cisco.com|entry43-4758.vpn.sse.cisco.com|entry44-4758.vpn.sse.cisco.com|entry45-4758.vpn.sse.cisco.com|ap-east-1-4758.vpn.sse.cisco.com|ca-west-1-4758.vpn.sse.cisco.com|eu-west-1-4758.vpn.sse.cisco.com|eu-west-2-4758.vpn.sse.cisco.com|eu-west-3-4758.vpn.sse.cisco.com|sa-east-1-4758.vpn.sse.cisco.com|us-east-1-4758.vpn.sse.cisco.com|us-east-2-4758.vpn.sse.cisco.com|us-west-1-4758.vpn.sse.cisco.com|us-west-2-4758.vpn.sse.cisco.com|af-south-1-4758.vpn.sse.cisco.com|ap-south-1-4758.vpn.sse.cisco.com|ap-south-2-4758.vpn.sse.cisco.com|eu-north-1-4758.vpn.sse.cisco.com|eu-south-1-4758.vpn.sse.cisco.com|eu-south-2-4758.vpn.sse.cisco.com|me-south-1-4758.vpn.sse.cisco.com|ca-central-1-4758.vpn.sse.cisco.com|eu-central-1-4758.vpn.sse.cisco.com|eu-central-2-4758.vpn.sse.cisco.com|il-central-1-4758.vpn.sse.cisco.com|me-central-1-4758.vpn.sse.cisco.com|ap-northeast-1-4758.vpn.sse.cisco.com|ap-northeast-2-4758.vpn.sse.cisco.com|ap-northeast-3-4758.vpn.sse.cisco.com|ap-southeast-1-4758.vpn.sse.cisco.com|ap-southeast-2-4758.vpn.sse.cisco.com|ap-southeast-3-4758.vpn.sse.cisco.com|ap-southeast-4-4758.vpn.sse.cisco.com|ap-southeast-5-4758.vpn.sse.cisco.com","","false"
"13.43.244.227","maa-uatb.vistair.com","","","","","maa-uatb.vistair.com","","false"
"13.43.244.232","rd-verify-stop-de.db09a72b.prod.forgeinternaldnsapps.ec2.aws.dev","","","","","rd-verify-stop-de.db09a72b.prod.forgeinternaldnsapps.ec2.aws.dev|test.eu-west-2.rd-verify-stop-de.db09a72b.prod.forgeinternaldnsapps.ec2.aws.dev","","false"
"13.43.244.238","guestnet-staging.co.uk","","","","","guestnet-staging.co.uk","","false"
"13.43.244.243","*.demo.nestboxsb.enginebystarling.net","","","","","*.demo.nestboxsb.enginebystarling.net","","false"
"13.43.244.247","dev.pharmacy-cpcs-api.manage-your-service-pharmacy.nhsbsa.net","","","","","dev.pharmacy-cpcs-api.manage-your-service-pharmacy.nhsbsa.net|*.dev.pharmacy-cpcs-api.manage-your-service-pharmacy.nhsbsa.net","","false"
"13.43.244.248","*.vistair.com","","","","","*.vistair.com","","false"
"13.43.245.7","TRAEFIK DEFAULT CERT","","","","","52eab44974571d982d80c118227c3944.98aa973ffbcb4472c9916dc25f755b54.traefik.default","","true"
"13.43.245.8","Kubernetes Ingress Controller Fake Certificate","Acme Co","","","","ingress.local","","true"
"13.43.245.10","joestilgoe.com","","","","","joestilgoe.com|www.joestilgoe.com","","false"
"13.43.245.15","cressi.ai","","","","","cressi.ai|*.cressi.ai","","false"
"13.43.245.13","api.airkeyhub.com","","","","","api.airkeyhub.com","","false"
"13.43.245.19","*.interserv.co.uk","","","","","*.interserv.co.uk","","false"
"13.43.245.18","*.ls.poweredbyonsite.uk","","","","","*.ls.poweredbyonsite.uk|ls.poweredbyonsite.uk","","false"
"13.43.245.16","uat.arieshub.co.uk","","","","","uat.arieshub.co.uk","","false"
"13.43.245.12","bi-tableau.emea-1.healtheintent.com","","","","","bi-tableau.emea-1.healtheintent.com|*.bi-tableau.emea-1.healtheintent.com","","false"
"13.43.245.20","*.mssdevelopment.com","","","","","*.mssdevelopment.com","","false"
"13.43.245.24","*.afd.co.uk","ZipAddress Ltd","GB","","Isle of Man","*.afd.co.uk|afd.co.uk","","false"
"13.43.245.29","gastrocare.co.il","","","","","gastrocare.co.il","","false"
"13.43.245.34","coincover.com","","","","","coincover.com|*.coincover.com|*.krs.coincover.com","","false"
"13.43.245.41","*.ocelot.huboo.io","","","","","*.ocelot.huboo.io","","false"
"13.43.245.51","*.plprimarystars.com","","","","","*.plprimarystars.com|plprimarystars.com","","false"
"13.43.245.57","kube-apiserver","","","","","8bf89cdf7f9bc32ee229ed7d1f632083.gr7.eks-cluster.eu-west-2.api.aws|ip-10-0-37-140.eu-west-2.compute.internal|kubernetes|kubernetes.default|kubernetes.default.svc|kubernetes.default.svc.cluster.local","fd99:de38:4ca6::1|2a05:d01c:8b3:c102:ed78:79e7:2c3:6ecd|10.0.37.140","false"
"13.43.245.62","*.datixweb.co.uk","","","","","*.datixweb.co.uk","","false"
"13.43.245.66","*.kryon.io","","","","","*.kryon.io","","false"
"13.43.245.70","*.rsm-app.goodbox.com","","","","","*.rsm-app.goodbox.com","","false"
"13.43.245.77","medusaimg.stage.medusaimg.cloud","","","","","medusaimg.stage.medusaimg.cloud|*.medusaimg.stage.medusaimg.cloud","","false"
"13.43.245.78","*.ruhpvd5jlk1h2.eu-west-2.cs.amazonlightsail.com","","","","","*.ruhpvd5jlk1h2.eu-west-2.cs.amazonlightsail.com","","false"
"13.43.245.81","*.iconnect.auto","","","","","*.iconnect.auto","","false"
"13.43.245.86","*.hhglobal.splunkcloud.com","Splunk Inc.","US","San Francisco","California","*.hhglobal.splunkcloud.com|hhglobal.splunkcloud.com|idm-hhglobal.splunkcloud.com|*.idm-hhglobal.splunkcloud.com|http-inputs-hhglobal.splunkcloud.com|*.http-inputs-hhglobal.splunkcloud.com|akamai-inputs-hhglobal.splunkcloud.com|*.akamai-inputs-hhglobal.splunkcloud.com|http-inputs-ack-hhglobal.splunkcloud.com|*.http-inputs-ack-hhglobal.splunkcloud.com|http-inputs-firehose-hhglobal.splunkcloud.com|*.http-inputs-firehose-hhglobal.splunkcloud.com|*.pvt.hhglobal.splunkcloud.com|pvt.hhglobal.splunkcloud.com","","false"
"13.43.245.93","*.hestia.earth","","","","","*.hestia.earth","","false"
"13.43.245.94","uat.check-eligibility-for-gb-insulation-scheme.service.gov.uk","","","","","uat.check-eligibility-for-gb-insulation-scheme.service.gov.uk|www.uat.check-eligibility-for-gb-insulation-scheme.service.gov.uk","","false"
"13.43.245.95","Kubernetes Ingress Controller Fake Certificate","Acme Co","","","","ingress.local","","true"
"13.43.245.98","dev.mancosa.co.za","","","","","dev.mancosa.co.za","","false"
"13.43.245.102","*.assetspire.co.uk","","","","","*.assetspire.co.uk|assetspire.co.uk","","false"
"13.43.245.105","*.g5t7zjmkfxcbc.eu-west-2.cs.amazonlightsail.com","","","","","*.g5t7zjmkfxcbc.eu-west-2.cs.amazonlightsail.com","","false"
"13.43.245.106","example.com","","","","","example.com|www.example.com","127.0.0.1","true"
"13.43.245.109","chipmunkdata.co.uk","","","","","chipmunkdata.co.uk|*.chipmunkdata.co.uk|*.chipmunkdata.com|*.competency-cloud.co.uk|*.competencyclick.co.uk|*.competencycloud.co.uk|*.competencycloud.com|*.hind-site.co.uk|*.hind-site.com|*.wizardcomputers.co.uk|*.wizardcomputers.uk","","false"
"13.43.245.117","sonarqube.891377280470.fj-platformengineering.com","","","","","sonarqube.891377280470.fj-platformengineering.com","","false"
"13.43.245.122","Kubernetes Ingress Controller Fake Certificate","Acme Co","","","","ingress.local","","true"
"13.43.245.123","Kubernetes Ingress Controller Fake Certificate","Acme Co","","","","ingress.local","","true"
"13.43.245.124","*.mg-prd.net","","","","","*.mg-prd.net","","false"
"13.43.245.128","appdev.growthmetrics.ai","","","","","appdev.growthmetrics.ai","","false"
"13.43.245.130","*.griddev.net","","","","","*.griddev.net","","false"
"13.43.245.132","ifl.uk.360sv.com","","","","","ifl.uk.360sv.com|petwise.360sv.com|computerquote-pet.360sv.com|mipet.360sv.com|healthypets.360sv.com|purelypetsinsurance.360sv.com|petsinapickle.360sv.com|pawsandclaws.360sv.com|petsure-insurance.360sv.com|lv-pet.360sv.com|caravanclub-pet.360sv.com|selfserve.insurancefactoryltd.uk.360sv.com|petwise-insurance.360sv.com|covermypet.360sv.com|pet.ageas.360sv.com|admiral-pet.360sv.com|aa-pet.360sv.com|geoffrey-pet.360sv.com|swinton-pet.360sv.com|coop-pet.360sv.com|aviva-pet.360sv.com|uis-pet.360sv.com|halifax-pet.360sv.com|asda-pet.360sv.com|saga-pet.360sv.com","","false"
"13.43.245.138","*.qa.infigosoftware.rocks","","","","","*.qa.infigosoftware.rocks","","false"
"13.43.245.139","*.emro.aero","","","","","*.emro.aero|*.trax.aero","","false"
"13.43.245.141","dodays.co.uk","","","","","dodays.co.uk|*.dodays.co.uk","","false"
"13.43.245.153","kube-apiserver","","","","","dda54ac41f5825d89b9078a6ba93b3e0.gr7.eu-west-2.eks.amazonaws.com|ip-172-16-123-248.eu-west-2.compute.internal|kubernetes|kubernetes.default|kubernetes.default.svc|kubernetes.default.svc.cluster.local","172.20.0.1|10.1.4.112|172.16.123.248","false"
"13.43.245.156","tte-api-dev.aq4.io","","","","","tte-api-dev.aq4.io","","false"
"13.43.245.157","www.digitalrisedorset.co.uk","","","","","www.digitalrisedorset.co.uk","","false"
"13.43.245.160","*.atlan.com","","","","","*.atlan.com","","false"
"13.43.245.161","chapa.co","","","","","chapa.co|*.chapa.co","","false"
"13.43.245.171","admin.tradefi.ng","","","","","admin.tradefi.ng","","false"
"13.43.245.182","*.4d1lo7hkcf1b0.eu-west-2.cs.amazonlightsail.com","","","","","*.4d1lo7hkcf1b0.eu-west-2.cs.amazonlightsail.com","","false"
"13.43.245.184","*.excel.fft.dev","","","","","*.excel.fft.dev","","false"
"13.43.245.188","test.omdr.nhsbsa.net","","","","","test.omdr.nhsbsa.net","","false"
"13.43.245.190","*.preprod.jajav2.jaja.co.uk","","","","","*.preprod.jajav2.jaja.co.uk","","false"
"13.43.245.192","pod.annafreud.org","","","","","pod.annafreud.org|api.pod.annafreud.org","","false"
"13.43.245.191","assessadmin.uk.acer.org","","","","","assessadmin.uk.acer.org","","false"
"13.43.245.197","api.hubtest.bfb-labs.com","","","","","api.hubtest.bfb-labs.com|api.hubstaging.bfb-labs.com","","false"
"13.43.245.202","move-more.org","","","","","move-more.org|wordpress.move-more.org|www.move-more.org","","false"
"13.43.245.205","prestigiousjewellers.my3cx.co.uk","","","","","prestigiousjewellers.my3cx.co.uk","","false"
"13.43.245.210","kube-apiserver","","","","","0f0295b6a499884bf21ecbedfe8269b7.gr7.eu-west-2.eks.amazonaws.com|ip-172-16-110-65.eu-west-2.compute.internal|kubernetes|kubernetes.default|kubernetes.default.svc|kubernetes.default.svc.cluster.local","172.20.0.1|10.0.6.21|172.16.110.65","false"
"13.43.245.211","ip-172-26-13-243.eu-west-2.compute.internal","Hestia Control Panel","US","San Francisco","California","","","true"
"13.43.245.213","*.dsp-test.bt.com","","","","","*.dsp-test.bt.com","","false"
"13.43.245.215","*.fut0fdlec5nuq.eu-west-2.cs.amazonlightsail.com","","","","","*.fut0fdlec5nuq.eu-west-2.cs.amazonlightsail.com","","false"
"13.43.245.216","*.pennies.org.uk","","","","","*.pennies.org.uk","","false"
"13.43.245.220","dev-www.coffeeinsure.co.uk","","","","","dev-www.coffeeinsure.co.uk","","false"
"13.43.245.219","*.eu-west-2.es.amazonaws.com","","","","","*.eu-west-2.es.amazonaws.com","","false"
"13.43.245.224","*.ceradcp.care","","","","","*.ceradcp.care","","false"
"13.43.245.229","*.smartester.co.uk","","","","","*.smartester.co.uk","","false"
"13.43.245.236","loweconexpoundland.co.uk","","","","","loweconexpoundland.co.uk","","false"
"13.43.245.241","*.dev.bowimi.com","","","","","*.dev.bowimi.com","","false"
"13.43.245.247","*.lindushealth.com","","","","","*.lindushealth.com","","false"
"13.43.245.252","*.speakunique.co.uk","","","","","*.speakunique.co.uk","","false"
"13.43.245.253","*.eu-west-2.es.amazonaws.com","","","","","*.eu-west-2.es.amazonaws.com","","false"
"13.43.246.1","*.mis57951.qa.arbor.engineering","","","","","*.mis57951.qa.arbor.engineering","","false"
"13.43.246.2","inspirededu.com","","","","","inspirededu.com|*.inspirededu.com","","false"
"13.43.246.4","hmcts-preprod-wfm.nicecloudsvc-stg1.com","","","","","hmcts-preprod-wfm.nicecloudsvc-stg1.com","","false"
"13.43.246.8","*.sdlproducts.com","","","","","*.sdlproducts.com","","false"
"13.43.246.15","*.c3.eu-west-2.airflow.amazonaws.com","","","","","*.c3.eu-west-2.airflow.amazonaws.com","","false"
"13.43.246.12","*.severnsidehousing.co.uk","","","","","*.severnsidehousing.co.uk","","false"
"13.43.246.14","hoxtoncrm.com","","","","","hoxtoncrm.com|*.hoxtoncrm.com","","false"
"13.43.246.18","lyvely.com","","","","","lyvely.com|www.prod.lyvely.com|*.prod.lyvely.com|prod.lyvely.com","","false"
"13.43.246.19","scourst.com","","","","","*.scourst.com|scourst.com","","false"
"13.43.246.26","mcstaging.adls-b2c.zcdjdkeybkaj4.dummycachetest.com","Magento Cloud","FR","","","","","true"
"13.43.246.28","*.bnpppf.splunkcloud.com","Splunk Inc.","US","San Francisco","California","*.bnpppf.splunkcloud.com|bnpppf.splunkcloud.com|http-inputs-bnpppf.splunkcloud.com|*.http-inputs-bnpppf.splunkcloud.com|akamai-inputs-bnpppf.splunkcloud.com|*.akamai-inputs-bnpppf.splunkcloud.com|http-inputs-ack-bnpppf.splunkcloud.com|*.http-inputs-ack-bnpppf.splunkcloud.com|http-inputs-firehose-bnpppf.splunkcloud.com|*.http-inputs-firehose-bnpppf.splunkcloud.com|*.pvt.bnpppf.splunkcloud.com|pvt.bnpppf.splunkcloud.com","","false"
"13.43.246.30","*.eu-west-2.es.amazonaws.com","","","","","*.eu-west-2.es.amazonaws.com","","false"
"13.43.246.32","www.ediblecode.com","","","","","www.ediblecode.com|www.justseychelles.com|www.just2mauritius.com","","false"
"13.43.246.36","www.openanswers.co.uk","","","","","www.openanswers.co.uk|www.openanswers.com","","false"
"13.43.246.40","mcstaging.macfarlanepackaging.com","Magento Cloud","FR","","","","","true"
"13.43.246.43","kube-apiserver","","","","","0a683ff0293ebdbe0b0cab80b29d3311.gr7.eu-west-2.eks.amazonaws.com|ip-10-0-56-124.eu-west-2.compute.internal|kubernetes|kubernetes.default|kubernetes.default.svc|kubernetes.default.svc.cluster.local","10.100.0.1|100.66.35.86|10.0.56.124","false"
"13.43.246.44","vehiclecheck.drive-clean-air-zone.service.gov.uk","","","","","vehiclecheck.drive-clean-air-zone.service.gov.uk|www.vehiclecheck.drive-clean-air-zone.service.gov.uk","","false"
"13.43.246.49","bastitestrad.se","","","","","bastitestrad.se|*.bastitestrad.se","","false"
"13.43.246.52","tsg.evm.online","","","","","tsg.evm.online","","false"
"13.43.246.54","newsletter-builder.didev.co.uk","","","","","newsletter-builder.didev.co.uk|*.newsletter-builder.didev.co.uk|iris.vanilla.tools","","false"
"13.43.246.51","*.dsp.intdigital.ee.co.uk","","","","","*.dsp.intdigital.ee.co.uk|keycloak-tooling.dsp.bt.com|keycloakx-tooling.dsp.bt.com|harbor-tooling.dsp.bt.com","","false"
"13.43.246.55","sendy.togethervirtually.com","","","","","*.sendy.togethervirtually.com|sendy.togethervirtually.com","","false"
"13.43.246.58","integ.euid.eu","","","","","integ.euid.eu","","false"
"13.43.246.50","kube-apiserver","","","","","d57e651d97c41d5350c679ab7075a130.sk1.eu-west-2.eks.amazonaws.com|ip-172-16-46-74.eu-west-2.compute.internal|kubernetes|kubernetes.default|kubernetes.default.svc|kubernetes.default.svc.cluster.local","172.20.0.1|172.32.142.159|172.16.46.74","false"
"13.43.246.69","api.datavadis.io","Bell Microsystems Ltd","GB","Portsmouth","","api.datavadis.io|www.api.datavadis.io","","false"
"13.43.246.68","Kubernetes Ingress Controller Fake Certificate","Acme Co","","","","ingress.local","","true"
"13.43.246.80","aem.devops.innovateuk.org","","","","","aem.devops.innovateuk.org","","false"
"13.43.246.87","*.production.financialwellnessgroup.co.uk","","","","","*.production.financialwellnessgroup.co.uk","","false"
"13.43.246.106","api.ideas.sportradar.com","","","","","api.ideas.sportradar.com","","false"
"13.43.246.102","kube-apiserver","","","","","fe226c4cfde485f8e5d0b5f2a1adb55f.gr7.eu-west-2.eks.amazonaws.com|ip-10-0-162-116.eu-west-2.compute.internal|kubernetes|kubernetes.default|kubernetes.default.svc|kubernetes.default.svc.cluster.local","10.100.0.1|192.168.144.18|10.0.162.116","false"
"13.43.246.104","Kubernetes Ingress Controller Fake Certificate","Acme Co","","","","ingress.local","","true"
"13.43.246.117","CloudFlare Origin Certificate","CloudFlare, Inc.","","","","*.floward.com|floward.com","","false"
"13.43.246.113","rhopoint.nomuda.cloud","","","","","rhopoint.nomuda.cloud|*.rhopoint.nomuda.cloud","","false"
"13.43.246.126","staging.yard.cloud","","","","","staging.yard.cloud","","false"
"13.43.246.118","classifier.scholarcy.dev","","","","","classifier.scholarcy.dev","","false"
"13.43.246.127","*.perciscan.com","","","","","*.perciscan.com","","false"
"13.43.246.137","everyoneactive.engineering","","","","","everyoneactive.engineering|api-v2.everyoneactive.engineering|*.everyoneactive.engineering","","false"
"13.43.246.143","*.eu-west-2.es.amazonaws.com","","","","","*.eu-west-2.es.amazonaws.com","","false"
"13.43.246.149","coapi.sajad.uk","","","","","api.sajad.uk|coapi.sajad.uk","","false"
"13.43.246.155","managerbot.eu","","","","","managerbot.eu|www.managerbot.eu","","false"
"13.43.246.167","*.execute-api.eu-west-2.amazonaws.com","","","","","*.execute-api.eu-west-2.amazonaws.com","","false"
"13.43.246.165","api.sonal.thefutzbutler.com","","","","","api.sonal.thefutzbutler.com","","false"
"13.43.246.171","ppmanywhere.com","","","","","ppmanywhere.com|*.ppmanywhere.com","","false"
"13.43.246.172","voluntree.net","","","","","voluntree.net","","false"
"13.43.246.173","respect.cdr.staging.platform.ndp.scot","","","","","respect.cdr.staging.platform.ndp.scot","","false"
"13.43.246.181","api.test.in2detail.2b-or-not.net","","","","","api.test.in2detail.2b-or-not.net","","false"
"13.43.246.178","lads.cell-1.prod.eu-west-2.prod.connect.aws.a2z.com","","","","","lads.cell-1.prod.eu-west-2.prod.connect.aws.a2z.com|onebox.lads.cell-1.prod.eu-west-2.prod.connect.aws.a2z.com|az2.lads.cell-1.prod.eu-west-2.prod.connect.aws.a2z.com|az1.lads.cell-1.prod.eu-west-2.prod.connect.aws.a2z.com|preprod.lads.cell-1.prod.eu-west-2.prod.connect.aws.a2z.com|az3.lads.cell-1.prod.eu-west-2.prod.connect.aws.a2z.com","","false"
"13.43.246.191","*.expd.co.uk","","","","","*.expd.co.uk","","false"
"13.43.246.196","*.eu-west-2.es.amazonaws.com","","","","","*.eu-west-2.es.amazonaws.com","","false"
"13.43.246.202","idu.lexisnexisrisk.co.uk","Lexisnexis Risk Solutions Inc.","US","Alpharetta","Georgia","idu.lexisnexisrisk.co.uk|sandbox.idu.lexisnexisrisk.co.uk|dr.idu.lexisnexisrisk.co.uk|prod.idu.lexisnexisrisk.co.uk","","false"
"13.43.246.203","bufabflos.nomuda.cloud","","","","","bufabflos.nomuda.cloud|*.bufabflos.nomuda.cloud","","false"
"13.43.246.201","kube-apiserver","","","","","94f0cca1aa145c682c956f9eeb50d087.gr7.eu-west-2.eks.amazonaws.com|ip-172-16-33-12.eu-west-2.compute.internal|kubernetes|kubernetes.default|kubernetes.default.svc|kubernetes.default.svc.cluster.local","10.252.0.1|10.127.174.93|172.16.33.12","false"
"13.43.246.209","www.jeulia.co.uk","","","","","www.jeulia.co.uk","","false"
"13.43.246.210","uk.test.trapnet.org","","","","","uk.test.trapnet.org|*.uk.test.trapnet.org","","false"
"13.43.246.214","api.voicebox.test.marketingdelivery.biz","","","","","api.voicebox.test.marketingdelivery.biz","","false"
"13.43.246.220","*.praeview.co.uk","","","","","*.praeview.co.uk","","false"
"13.43.246.224","cr-dev.gloxdev.com","","","","","cr-dev.gloxdev.com|*.cr-dev.gloxdev.com","","false"
"13.43.246.223","*.canvasguides.events","","","","","*.canvasguides.events|*.canvasevents.co.uk|*.tcge.io","","false"
"13.43.246.225","dev.mathewwilkins.co.uk","","","","","dev.mathewwilkins.co.uk","","false"
"13.43.246.242","api.v1.maroldep.ao","","","","","api.v1.maroldep.ao","","false"
"13.43.246.240","admin.hoteldonkey.com","","","","","admin.hoteldonkey.com|api.hoteldonkey.com","","false"
"13.43.246.243","*.secondary-prd-euwest2.deliverability.cimpress.io","","","","","*.secondary-prd-euwest2.deliverability.cimpress.io","","false"
"13.43.246.255","www.pingsign.com","","","","","www.pingsign.com|pingsign.com","","false"
"13.43.247.1","lads.cell-2.prod.eu-west-2.prod.connect.aws.a2z.com","","","","","lads.cell-2.prod.eu-west-2.prod.connect.aws.a2z.com|az2.lads.cell-2.prod.eu-west-2.prod.connect.aws.a2z.com|onebox.lads.cell-2.prod.eu-west-2.prod.connect.aws.a2z.com|az1.lads.cell-2.prod.eu-west-2.prod.connect.aws.a2z.com|preprod.lads.cell-2.prod.eu-west-2.prod.connect.aws.a2z.com|az3.lads.cell-2.prod.eu-west-2.prod.connect.aws.a2z.com","","false"
"13.43.247.9","shipments2.staging.locoaware.com","","","","","shipments2.staging.locoaware.com|shipments-api.staging.locoaware.com","","false"
"13.43.247.37","*.deribit.com","","","","","*.deribit.com","","false"
"13.43.247.35","*.eu-west-2.es.amazonaws.com","","","","","*.eu-west-2.es.amazonaws.com","","false"
"13.43.247.40","cotton-staging.co.uk","","","","","cotton-staging.co.uk|*.cotton-staging.co.uk","","false"
"13.43.247.45","*.platelink.ai","","","","","*.platelink.ai","","false"
"13.43.247.44","*.myprintdesk.net","EPS US, LLC","US","Pittsburgh","Pennsylvania","*.myprintdesk.net|myprintdesk.net","","false"
"13.43.247.51","quantulum.co.uk","","","","","quantulum.co.uk|www.quantulum.co.uk","","false"
"13.43.247.50","*.measurable.energy","","","","","*.measurable.energy|*.hub.measurable.energy","","false"
"13.43.247.55","stage.payabl1.co.uk","","","","","stage.payabl1.co.uk|*.stage.payabl1.co.uk","","false"
"13.43.247.58","dev.psychologytools.com","","","","","dev.psychologytools.com|*.psychologytools.com","","false"
"13.43.247.60","Kubernetes Ingress Controller Fake Certificate","Acme Co","","","","ingress.local","","true"
"13.43.247.66","deblur.co.uk","","","","","deblur.co.uk|www.deblur.co.uk","","false"
"13.43.247.67","lvs.cell-2.prod.eu-west-2.prod.connect.aws.a2z.com","","","","","lvs.cell-2.prod.eu-west-2.prod.connect.aws.a2z.com","","false"
"13.43.247.72","*.eu-west-2.es.amazonaws.com","","","","","*.eu-west-2.es.amazonaws.com","","false"
"13.43.247.74","henrybrennanmusic.co.uk","","","","","henrybrennanmusic.co.uk|www.henrybrennanmusic.co.uk","","false"
"13.43.247.84","thebookstars.com","","","","","thebookstars.com|www.thebookstars.com","","false"
"13.43.247.89","bolton.gov.uk","","","","","bolton.gov.uk|www.bolton.gov.uk","","false"
"13.43.247.94","ecac320obb.dartmouth-dev.cloud","","","","","ecac320obb.dartmouth-dev.cloud|*.ecac320obb.dartmouth-dev.cloud|*.dartmouth-dev.cloud","","false"
"13.43.247.93","dev.redirect.contractawardservice.crowncommercial.gov.uk","","","","","dev.redirect.contractawardservice.crowncommercial.gov.uk","","false"
"13.43.247.100","pnds.cell-1.prod.eu-west-2.prod.connect.aws.a2z.com","","","","","pnds.cell-1.prod.eu-west-2.prod.connect.aws.a2z.com|onebox.pnds.cell-1.prod.eu-west-2.prod.connect.aws.a2z.com|az2.pnds.cell-1.prod.eu-west-2.prod.connect.aws.a2z.com|az1.pnds.cell-1.prod.eu-west-2.prod.connect.aws.a2z.com|az3.pnds.cell-1.prod.eu-west-2.prod.connect.aws.a2z.com","","false"
"13.43.247.117","mtrlty.org","","","","","mtrlty.org","","false"
"13.43.247.132","*.secondary-int-euwest2.deliverability.cimpress.io","","","","","*.secondary-int-euwest2.deliverability.cimpress.io","","false"
"13.43.247.130","*.eonnext-services-dev.com","","","","","*.eonnext-services-dev.com","","false"
"13.43.247.128","gbr140.sfdc-5pakla.salesforce.com","Salesforce, Inc.","US","San Francisco","California","gbr140.sfdc-5pakla.salesforce.com|*.my.salesforce.com|*.sandbox.my.salesforce.com","","false"
"13.43.247.139","porapiuat.hermanmiller.com","","","","","porapiuat.hermanmiller.com","","false"
"13.43.247.138","*.eu-west-2.osis.amazonaws.com","","","","","*.eu-west-2.osis.amazonaws.com|*.osis.eu-west-2.vpce.amazonaws.com","","false"
"13.43.247.147","api.ballerz-tournament-portal.test-link.co.uk","","","","","api.ballerz-tournament-portal.test-link.co.uk","","false"
"13.43.247.156","*.ldw.labs.sophos.com","","","","","*.ldw.labs.sophos.com","","false"
"13.43.247.163","*.ambrahealth.com","","","","","*.ambrahealth.com|ambrahealth.com","","false"
"13.43.247.161","api-assets.vyking.io","","","","","api-assets.vyking.io","","false"
"13.43.247.159","weconnect-prod.uk.webhelp.com","Telecom Service Centres Limited","GB","Falkirk","","weconnect-prod.uk.webhelp.com","","false"
"13.43.247.165","enta.cloud","","","","","enta.cloud|myuserportal.co.uk|*.enta.net|enta.net|*.myuserportal.co.uk|*.enta.cloud|cityfibre.com|*.cityfibre.com","","false"
"13.43.247.171","*.sdl-identity.com","","","","","*.sdl-identity.com|sdl-identity.com","","false"
"13.43.247.174","data.channeldigitaltechnologies.com","","","","","data.channeldigitaltechnologies.com","","false"
"13.43.247.181","www.qa2.nonprod.dft-bluebadge.org.uk","","","","","www.qa2.nonprod.dft-bluebadge.org.uk|*.qa2.nonprod.dft-bluebadge.org.uk","","false"
"13.43.247.183","*.ephesoft.cloud","Tungsten Automation Corporation","US","","California","*.ephesoft.cloud","","false"
"13.43.247.184","cfstrade.co.uk","","","","","cfstrade.co.uk","","false"
"13.43.247.188","*.mhnp53lfd45ea.eu-west-2.cs.amazonlightsail.com","","","","","*.mhnp53lfd45ea.eu-west-2.cs.amazonlightsail.com","","false"
"13.43.247.197","status.uat.facilities-iq.com","","","","","status.uat.facilities-iq.com","","false"
"13.43.247.202","*.eu-west-2.es.amazonaws.com","","","","","*.eu-west-2.es.amazonaws.com","","false"
"13.43.247.203","tps.ewr.becryptplus.com","","","","","tps.ewr.becryptplus.com|es.ewr.becryptplus.com|ewr.becryptplus.com","","false"
"13.43.247.215","stage-seqera.io","","","","","stage-seqera.io|*.connect.cloud.stage-seqera.io|*.stage-tower.net|*.stage-seqera.io|*.connect.stage-tower.net|*.cloud.stage-seqera.io|stage-tower.net","","false"
"13.43.247.218","displaylink.com","","","","","displaylink.com|*.displaylink.com","","false"
"13.43.247.219","devsite.devcloud.nil.foundation","","","","","devsite.devcloud.nil.foundation","","false"
"13.43.247.224","euw2-az2.eu-west-2-c0.prod.fcp.lambda.aws.dev","","","","","euw2-az2.eu-west-2-c0.prod.fcp.lambda.aws.dev","","false"
"13.43.247.228","*.madepurpledev.com","","","","","*.madepurpledev.com|mpvp.ingest.madepurpledev.com|mpvp.video.madepurpledev.com","","false"
"13.43.247.225","mcprod.endclothing.com","Magento Cloud","FR","","","","","true"
"13.43.247.239","*.uk-prod1.axs.com","","","","","*.uk-prod1.axs.com","","false"
"13.43.247.244","api-dev.meetoo.help","","","","","api-dev.meetoo.help","","false"
"13.43.247.245","kahunas.dev","","","","","kahunas.dev|*.kahunas.dev","","false"
"13.43.247.206","kube-apiserver","","","","","0cef1a9c94c8d258f8f47c9e45482b7b.gr7.eu-west-2.eks.amazonaws.com|ip-172-16-176-88.eu-west-2.compute.internal|kubernetes|kubernetes.default|kubernetes.default.svc|kubernetes.default.svc.cluster.local","172.20.0.1|10.0.2.217|172.16.176.88","false"
"13.43.247.246","Kubernetes Ingress Controller Fake Certificate","Acme Co","","","","ingress.local","","true"
"13.43.247.255","target.aws.amazon.com","","","","","target.aws.amazon.com|eu-west-2.target.aws.amazon.com","","false"
"13.43.248.3","getemployable.org","","","","","getemployable.org|*.getemployable.org","","false"
"13.43.248.8","galaxy.goldencharter.co.uk","","","","","galaxy.goldencharter.co.uk","","false"
"13.43.248.9","*.matrix.squiz.cloud","","","","","*.matrix.squiz.cloud|matrix.squiz.cloud","","false"
"13.43.248.13","*.ukependev.com","","","","","*.ukependev.com","","false"
"13.43.248.11","icas.hellotomo.co.uk","","","","","icas.hellotomo.co.uk|*.im.stage.icas.hellotomo.co.uk|*.dev.icas.hellotomo.co.uk|*.icas.hellotomo.co.uk|*.im.dev.icas.hellotomo.co.uk|*.stage.icas.hellotomo.co.uk|*.im.icas.hellotomo.co.uk","","false"
"13.43.248.17","gpaccm-dev.dhis2.org","","","","","gpaccm-dev.dhis2.org","","false"
"13.43.248.18","api.prod.east-west.company","","","","","api.prod.east-west.company","","false"
"13.43.248.22","*.minima.global","","","","","*.minima.global|minima.global","","false"
"13.43.248.23","*.smartrecruitonline.com","","","","","*.smartrecruitonline.com|smartrecruitonline.com","","false"
"13.43.248.20","wp-20240102.ps-p-t-raymondx-12345.click","","","","","wp-20240102.ps-p-t-raymondx-12345.click","","false"
"13.43.248.16","*.eu.nci-api.com","","","","","*.eu.nci-api.com","","false"
"13.43.248.34","*.faethm.ai","","","","","*.faethm.ai|gb.aws.api.production.faethm.ai|gb.aws.app.production.faethm.ai","","false"
"13.43.248.28","brandirectory.com","","","","","brandirectory.com|*.brandirectory.com","","false"
"13.43.248.27","cardrealms-dev.phpbucket.net","","","","","cardrealms-dev.phpbucket.net|dev.cardrealms.com","","false"
"13.43.248.36","hui9mm.sghnhu.tcdn.io","","","","","hui9mm.sghnhu.tcdn.io|academy.connectmeinforma.com","","false"
"13.43.248.47","forms.gloucestershire.gov.uk","","","","","forms.gloucestershire.gov.uk","","false"
"13.43.248.45","kube-apiserver","","","","","2f36a8e6fa0d5abfeb7aeaf9427f8e42.sk1.eks-cluster.eu-west-2.api.aws|ip-172-16-36-19.eu-west-2.compute.internal|kubernetes|kubernetes.default|kubernetes.default.svc|kubernetes.default.svc.cluster.local","fd32:f4d:48eb::1|2a05:d01c:9b0:307:bb4d:fd41:640b:467b|172.16.36.19","false"
"13.43.248.53","staging.glbee.aircards.io","","","","","staging.glbee.aircards.io","","false"
"13.43.248.54","reapi-dev.services.ukri.org","","","","","reapi-dev.services.ukri.org","","false"
"13.43.248.56","*.companieshouse.gov.uk","Companies House","GB","Cardiff","","*.companieshouse.gov.uk|*.company-information.service.gov.uk","","false"
"13.43.248.60","hsbc-sandbox.triquesta-apps.com","","","","","hsbc-sandbox.triquesta-apps.com|*.hsbc-sandbox.triquesta-apps.com","","false"
"13.43.248.65","chatsumer.com","","","","","chatsumer.com|*.chatsumer.com","","false"
"13.43.248.68","*.logicgate.com","","","","","*.logicgate.com|*.wopi.logicgate.com|wopi.logicgate.com","","false"
"13.43.248.71","n8n.aminsights.com","","","","","n8n.aminsights.com|pgadmin.aminsights.com|nocodb.aminsights.com","","false"
"13.43.248.73","tunnel5.prolifefitness.com.ng","","","","","tunnel5.prolifefitness.com.ng","","false"
"13.43.248.90","*.test-1.hub-82.marketlink-test.assure.dxc.com","","","","","*.test-1.hub-82.marketlink-test.assure.dxc.com|test-1.hub-82.marketlink-test.assure.dxc.com","","false"
"13.43.248.87","tracx.com","","","","","tracx.com|*.tracx.com","","false"
"13.43.248.89","tmp.exotic.markets","","","","","tmp.exotic.markets","","false"
"13.43.248.93","tabii.com","","","","","tabii.com|*.tabii.com","","false"
"13.43.248.94","*.finrings.com","","","","","*.finrings.com","","false"
"13.43.248.99","*.rs9knash2k4i6.eu-west-2.cs.amazonlightsail.com","","","","","*.rs9knash2k4i6.eu-west-2.cs.amazonlightsail.com","","false"
"13.43.248.100","*.eu-west-2.neptune-graph.amazonaws.com","","","","","*.eu-west-2.neptune-graph.amazonaws.com","","false"
"13.43.248.121","api.staging.svix.com","","","","","api.staging.svix.com|api.staging.diahook.com","","false"
"13.43.248.123","*.surveybooker.co.uk","","","","","*.surveybooker.co.uk","","false"
"13.43.248.129","equa.ls","","","","","equa.ls|*.api.equa.ls|*.app.equa.ls|*.equa.ls","","false"
"13.43.248.135","*.dev.jajav2.jaja.co.uk","","","","","*.dev.jajav2.jaja.co.uk","","false"
"13.43.248.136","*.ptg3-prod.c.nublue.uk","","","","","*.ptg3-prod.c.nublue.uk","","false"
"13.43.248.134","*.nccloud.co.uk","","","","","*.nccloud.co.uk|nccloud.co.uk","","false"
"13.43.248.140","*.videosmart.com","","","","","*.videosmart.com","","false"
"13.43.248.144","*.msc-dev.dxc-ins.com","","","","","*.msc-dev.dxc-ins.com|msc-dev.dxc-ins.com","","false"
"13.43.248.146","omb.om3.verintcloudservices.com","","","","","omb.om3.verintcloudservices.com|ombsnd.om3.verintcloudservices.com","","false"
"13.43.248.147","*.rasgateway.co.uk","","","","","*.rasgateway.co.uk|rasgateway.co.uk","","false"
"13.43.248.149","api.snugg.com","","","","","api.snugg.com","","false"
"13.43.248.152","*.jrni.com","","","","","*.jrni.com|jrni.com","","false"
"13.43.248.151","uat-cas-api.crowncommercial.gov.uk","","","","","uat-cas-api.crowncommercial.gov.uk","","false"
"13.43.248.163","roomes.co.uk","","","","","roomes.co.uk|www.roomes.co.uk","","false"
"13.43.248.169","mnms.im","","","","","mnms.im|*.dev.mnms.im|*.mnms.im","","false"
"13.43.248.168","*.casino.guru","","","","","*.casino.guru|casino.guru","","false"
"13.43.248.176","*.cloudenly.com","","","","","*.cloudenly.com|api.cloudenly.com","","false"
"13.43.248.186","kube-apiserver","","","","","c7d66bda5c8b8c322ec1c2bcb8856a80.gr7.eu-west-2.eks.amazonaws.com|ip-172-16-191-10.eu-west-2.compute.internal|kubernetes|kubernetes.default|kubernetes.default.svc|kubernetes.default.svc.cluster.local","172.20.0.1|10.88.126.81|172.16.191.10","false"
"13.43.248.190","kube-apiserver","","","","","b9ed1c90e96e1e97b380deaa9de66450.sk1.eu-west-2.eks.amazonaws.com|ip-172-16-185-248.eu-west-2.compute.internal|kubernetes|kubernetes.default|kubernetes.default.svc|kubernetes.default.svc.cluster.local","172.20.0.1|10.20.9.214|172.16.185.248","false"
"13.43.248.199","clinicsabroad.com","","","","","clinicsabroad.com|www.clinicsabroad.com","","false"
"13.43.248.211","mytube.dev.lumen-research.com","","","","","mytube.dev.lumen-research.com|youtube.dev.lumen-research.com|twitch.dev.lumen-research.com","","false"
"13.43.248.216","learn5-internal.open.ac.uk","","","","","learn5-internal.open.ac.uk","","false"
"13.43.248.213","*.smartcharts.net","","","","","*.smartcharts.net","","false"
"13.43.248.228","one-click.qap-ukhsa-dev.uk","","","","","one-click.qap-ukhsa-dev.uk","","false"
"13.43.248.232","*.acresecurity-staging.global","","","","","*.acresecurity-staging.global|*.gb-eng.acresecurity-staging.global","","false"
"13.43.248.234","api.propero.online","","","","","api.propero.online","","false"
"13.43.248.236","*.orchidlive.com","","","","","*.orchidlive.com","","false"
"13.43.248.244","*.i.tgcloud.io","","","","","*.i.tgcloud.io|i.tgcloud.io","","false"
"13.43.248.250","semble.io","","","","","semble.io|*.semble.io","","false"
"13.43.248.248","xiveillance.com","","","","","xiveillance.com|*.xiveillance.com","","false"
"13.43.249.0","dev.aws.everdome.io","","","","","dev.aws.everdome.io|*.dev.aws.everdome.io|*.eu2.dev.aws.everdome.io","","false"
"13.43.249.4","clinigen.kallikor.ai","","","","","clinigen.kallikor.ai","","false"
"13.43.249.5","payment-assist.co.uk","","","","","payment-assist.co.uk|app.payment-assist.co.uk|www.payment-assist.co.uk|api.v1.payment-assist.co.uk|auth.payment-assist.co.uk|secure.payment-assist.co.uk","","false"
"13.43.249.6","*.konquest.io","","","","","*.konquest.io","","false"
"13.43.249.14","*.cyp.caci.co.uk","","","","","*.cyp.caci.co.uk","","false"
"13.43.249.18","dev-api.fe.slcsvc.co.uk","","","","","dev-api.fe.slcsvc.co.uk","","false"
"13.43.249.20","acyverse.cloud","","","","","acyverse.cloud|*.acyverse.cloud","","false"
"13.43.249.23","xignite.binary-option.gamez.casino","","","","","xignite.binary-option.gamez.casino|*.xignite.binary-option.gamez.casino","","false"
"13.43.249.36","CloudFlare Origin Certificate","CloudFlare, Inc.","","","","*.brand-atlas.com|brand-atlas.com","","false"
"13.43.249.45","ip-172-31-12-52.eu-west-2.compute.internal","Unspecified","US","","","ip-172-31-12-52.eu-west-2.compute.internal","","false"
"13.43.249.43","irenedorothy.uk","","","","","irenedorothy.uk","","false"
"13.43.249.40","NGINXIngressController","","","","","","","false"
"13.43.249.44","adra.iot.cymru","","","","","adra.iot.cymru|*.adra.iot.cymru","","false"
"13.43.249.47","*.addlee-sandbox.net","","","","","*.addlee-sandbox.net","","false"
"13.43.249.51","test.submit.subnational-expenditure.link","","","","","test.submit.subnational-expenditure.link","","false"
"13.43.249.52","kube-apiserver","","","","","e4036cd94b950c9b62de0430db7dcb24.gr7.eu-west-2.eks.amazonaws.com|ip-172-16-49-73.eu-west-2.compute.internal|kubernetes|kubernetes.default|kubernetes.default.svc|kubernetes.default.svc.cluster.local","172.20.0.1|10.80.9.15|172.16.49.73","false"
"13.43.249.57","council.direct","","","","","council.direct|pp.3csharedservices.org|online.stgbc.org.uk|online-publicprotectionpartnership.org.uk|cymru-online.com|online.bassetlaw.gov.uk|publicaccess.northwarks.gov.uk|licensing.birmingham.gov.uk|*.tascomi.com","","false"
"13.43.249.70","prod.rec.8x8.com","","","","","prod.rec.8x8.com|*.prod.rec.8x8.com","","false"
"13.43.249.73","*.connexin.co.uk","","","","","*.connexin.co.uk","","false"
"13.43.249.75","api.ilfen.com","","","","","api.ilfen.com","","false"
"13.43.249.82","*.enquirymax.net","Keyloop Holdings (UK) Limited","GB","","Berkshire","*.enquirymax.net|enquirymax.net","","false"
"13.43.249.85","placeholder.until.real.certs.com","","GB","","","","","true"
"13.43.249.87","*.airboxaero.com","","","","","*.airboxaero.com","","false"
"13.43.249.91","*.highbond.com","","","","","*.highbond.com|highbond.com","","false"
"13.43.249.100","*.cfdata.io","","","","","*.cfdata.io","","false"
"13.43.249.106","*.blueprintcloud.com","Blueprint Software Systems","CA","TORONTO","ONTARIO","*.blueprintcloud.com|blueprintcloud.com","","false"
"13.43.249.110","www.marsvh-eu.goanywhere.cloud","","","","","www.marsvh-eu.goanywhere.cloud","","false"
"13.43.249.119","example.com","","","","","example.com|www.example.com","127.0.0.1","true"
"13.43.249.122","royaljeet360.in","","","","","royaljeet360.in|*.royaljeet360.in","","false"
"13.43.249.125","*.multiplatform.network","","","","","*.multiplatform.network","","false"
"13.43.249.127","christopher-steel.com","","","","","christopher-steel.com|www.christopher-steel.com","","false"
"13.43.249.134","kube-apiserver","","","","","df057f35fb3628b5538bdc4ad25698fb.gr7.eu-west-2.eks.amazonaws.com|ip-172-16-113-0.eu-west-2.compute.internal|kubernetes|kubernetes.default|kubernetes.default.svc|kubernetes.default.svc.cluster.local","172.20.0.1|10.0.49.228|172.16.113.0","false"
"13.43.249.141","*.cobooking-dev.com","","","","","*.cobooking-dev.com","","false"
"13.43.249.145","*.sterlingdatarooms.com","STERLING TECHNOLOGY LTD","GB","","London","*.sterlingdatarooms.com|sterlingdatarooms.com","","false"
"13.43.249.148","*.eu-west-2.es.amazonaws.com","","","","","*.eu-west-2.es.amazonaws.com","","false"
"13.43.249.153","*.automations.clarussoftware.co.uk","","","","","*.automations.clarussoftware.co.uk","","false"
"13.43.249.149","alpha1-fireworks.guidewire.net","","","","","*.alpha1-fireworks.guidewire.net|*.api.alpha1-fireworks.guidewire.net|*.api.pandora.guidewire.net|*.azuk.alpha1-fireworks.guidewire.net|*.azuk.pandora.guidewire.net|*.internal.alpha1-fireworks.guidewire.net|*.internal.pandora.guidewire.net|*.pandora.guidewire.net|alpha1-fireworks.guidewire.net|pandora.guidewire.net","","false"
"13.43.249.160","lcssui.cell-1.prod.eu-west-2.prod.connect.aws.a2z.com","","","","","lcssui.cell-1.prod.eu-west-2.prod.connect.aws.a2z.com","","false"
"13.43.249.169","*.icmarkets.com","","","","","*.icmarkets.com|www3-dev.icmarkets.com","","false"
"13.43.249.170","*.found.us","","","","","*.found.us","","false"
"13.43.249.176","*.qyrus.com","QUINNOX CONSULTANCY SERVICES LIMITED","IN","Mumbai","Maharashtra","*.qyrus.com|qyrus.com","","false"
"13.43.249.175","qresponse.co.uk","","","","","qresponse.co.uk|*.qresponse.co.uk","","false"
"13.43.249.190","grathpro.co.uk","","","","","grathpro.co.uk|*.grathpro.co.uk","","false"
"13.43.249.197","*.hartshorn-ds.co.uk","","","","","*.hartshorn-ds.co.uk|hartshorn-ds.co.uk","","false"
"13.43.249.198","*.applog-srep-dev.splunkcloud.com","Splunk Inc.","US","San Francisco","California","*.applog-srep-dev.splunkcloud.com|applog-srep-dev.splunkcloud.com|itsi-applog-srep-dev.splunkcloud.com|*.itsi-applog-srep-dev.splunkcloud.com|http-inputs-applog-srep-dev.splunkcloud.com|*.http-inputs-applog-srep-dev.splunkcloud.com|akamai-inputs-applog-srep-dev.splunkcloud.com|*.akamai-inputs-applog-srep-dev.splunkcloud.com|http-inputs-ack-applog-srep-dev.splunkcloud.com|*.http-inputs-ack-applog-srep-dev.splunkcloud.com|http-inputs-firehose-applog-srep-dev.splunkcloud.com|*.http-inputs-firehose-applog-srep-dev.splunkcloud.com|*.pvt.applog-srep-dev.splunkcloud.com|pvt.applog-srep-dev.splunkcloud.com","","false"
"13.43.249.199","*.staging.deepstreamtech.com","","","","","*.staging.deepstreamtech.com","","false"
"13.43.249.207","*.phavar-huwthn.staging.nourishcare.com","","","","","*.phavar-huwthn.staging.nourishcare.com","","false"
"13.43.249.209","*.fibrecrm.cloud","","","","","*.fibrecrm.cloud","","false"
"13.43.249.210","origin.barbour-qa3.lower.k5.m1.brightspot.cloud","","","","","origin.barbour-qa3.lower.k5.m1.brightspot.cloud|cms.barbour-qa3.lower.k5.m1.brightspot.cloud|verify.cms.barbour-qa3.lower.k5.m1.brightspot.cloud|static.barbour-qa3.lower.k5.m1.brightspot.cloud|*.barbour-qa3.lower.k5.m1.brightspot.cloud|verify.origin.barbour-qa3.lower.k5.m1.brightspot.cloud|*.cms.barbour-qa3.lower.k5.m1.brightspot.cloud|*.origin.barbour-qa3.lower.k5.m1.brightspot.cloud|barbour-qa3.lower.k5.m1.brightspot.cloud","","false"
"13.43.249.211","*.maareyntahubka-som.com","","","","","*.maareyntahubka-som.com","","false"
"13.43.249.221","projectnazare-vc-main.projectnazare.vc","","","","","projectnazare-vc-main.projectnazare.vc","","false"
"13.43.249.222","*.eu-west-2.es.amazonaws.com","","","","","*.eu-west-2.es.amazonaws.com","","false"
"13.43.249.225","*.workthreads.me","","","","","*.workthreads.me","","false"
"13.43.249.227","*.dev-api.reebokfitness.app","","","","","*.dev-api.reebokfitness.app|dev-api.reebokfitness.app","","false"
"13.43.249.232","www.civicalrdem.com","","","","","www.civicalrdem.com|time.civicalrdem.com|civicalrdem.com|bundling.civicalrdem.com","","false"
"13.43.249.229","revive-cryo.me","","","","","revive-cryo.me|www.revive-cryo.me","","false"
"13.43.249.244","access-staging.ofd.versantphysics.com","","","","","access-staging.ofd.versantphysics.com","","false"
"13.43.249.246","*.bpp.com","BPP Holdings Limited","GB","London","","*.bpp.com|bpp.com","","false"
"13.43.249.247","mcprod.btcactivewear.co.uk","Magento Cloud","FR","","","","","true"
"13.43.250.0","*.rsm-d.goodbox.com","","","","","*.rsm-d.goodbox.com","","false"
"13.43.250.5","*.vector-dev.qs-projects.co.uk","","","","","*.vector-dev.qs-projects.co.uk","","false"
"13.43.250.10","tcllab.myeleveo.com","","","","","tcllab.myeleveo.com","","false"
"13.43.250.16","*.barbooks.co","","","","","*.barbooks.co|barbooks.co|*.barbooks.co.uk|*.barbooks.co.nz|barbooks.co.uk|barbooks.co.nz","","false"
"13.43.250.32","CloudFlare Origin Certificate","CloudFlare, Inc.","","","","*.forensicanalytics.io|forensicanalytics.io","","false"
"13.43.250.37","*.scim.lusid.com","","","","","*.scim.lusid.com","","false"
"13.43.250.46","internal.dev.identity.uktrade.digital","","","","","internal.dev.identity.uktrade.digital|dev.id.uktrade.digital","","false"
"13.43.250.48","*.sncbekprmrf92.eu-west-2.cs.amazonlightsail.com","","","","","*.sncbekprmrf92.eu-west-2.cs.amazonlightsail.com","","false"
"13.43.250.52","*.secondary-prd-euwest2.deliverability.cimpress.io","","","","","*.secondary-prd-euwest2.deliverability.cimpress.io","","false"
"13.43.250.61","*.gwr.incrementalsolutions.co.uk","","","","","*.gwr.incrementalsolutions.co.uk","","false"
"13.43.250.62","*.execute-api.eu-west-2.amazonaws.com","","","","","*.execute-api.eu-west-2.amazonaws.com","","false"
"13.43.250.63","tooling.zodia.io","","","","","tooling.zodia.io|*.tooling.zodia.io","","false"
"13.43.250.66","*.secondary-prd-euwest2.prices.cimpress.io","","","","","*.secondary-prd-euwest2.prices.cimpress.io","","false"
"13.43.250.68","samsung.accp-capita.com","","","","","samsung.accp-capita.com","","false"
"13.43.250.70","blue-sock.com","","","","","2024.engineexport.co.uk|2024.paintstripper.com|blue-sock.com|bluesock.com|dev.bluesock.net|engineexport.co.uk|paintstripper.com|ups.theknightshop.co.uk|ups2.theknightshop.co.uk|v2.scrapmycar.co.uk|v2admin.engineexport.co.uk|v2backend.scrapmycar.co.uk|www.blue-sock.com|www.bluesock.com|www.paintstripper.com","","false"
"13.43.250.73","allrock.live","","","","","allrock.live|*.allrock.live","","false"
"13.43.250.74","lsgs.cell-2.prod.eu-west-2.prod.connect.aws.a2z.com","","","","","lsgs.cell-2.prod.eu-west-2.prod.connect.aws.a2z.com","","false"
"13.43.250.79","api.brainbox.marketing.delivery","","","","","api.brainbox.marketing.delivery","","false"
"13.43.250.81","*.eu-west-2.es.amazonaws.com","","","","","*.eu-west-2.es.amazonaws.com","","false"
"13.43.250.82","*.app.fanblock.com","","","","","*.app.fanblock.com","","false"
"13.43.250.91","dashboard.surch.co.uk","","","","","dashboard.surch.co.uk","","false"
"13.43.250.96","bi.skillsforge.co.uk","","","","","bi.skillsforge.co.uk","","false"
"13.43.250.103","tradelocker.com","","","","","*.tradelocker.com|tradelocker.com","","false"
"13.43.250.110","inkglobal-testing.g43labs.net","","","","","inkglobal-testing.g43labs.net|*.inkglobal-testing.g43labs.net","","false"
"13.43.250.114","app.lema.ai","","","","","app.lema.ai","","false"
"13.43.250.121","jolly-jennings.18-171-29-132.plesk.page","","","","","jolly-jennings.18-171-29-132.plesk.page","","false"
"13.43.250.122","www.test.ukho-de.com","","","","","www.test.ukho-de.com|test.ukho-de.com|*.test.ukho-de.com","","false"
"13.43.250.125","*.epb-staging.digital.communities.gov.uk","","","","","*.epb-staging.digital.communities.gov.uk|find-energy-certificate-staging.digital.communities.gov.uk|getting-new-energy-certificate-staging.digital.communities.gov.uk","","false"
"13.43.250.134","nitrous-lhr.origin.live.aiv-cdn.net","","","","","nitrous-lhr.origin.live.aiv-cdn.net|elemental-lhr.origin.live.eu.aiv-cdn.net|lhr.prod.legacy.origin.live.aiv-cdn.net","","false"
"13.43.250.143","*.globalplatform.route53.lexis.com","RELX INC.","US","New York","New York","*.globalplatform.route53.lexis.com|globalplatform.route53.lexis.com","","false"
"13.43.250.145","cbe.accaglobal.com","","","","","cbe.accaglobal.com|cbelicensing.accaglobal.com|*.cbe.accaglobal.com|cbefaq.accaglobal.com","","false"
"13.43.250.146","Kubernetes Ingress Controller Fake Certificate","Acme Co","","","","ingress.local","","true"
"13.43.250.151","*.eu-west-2.es.amazonaws.com","","","","","*.eu-west-2.es.amazonaws.com","","false"
"13.43.250.156","fe-vig.protrader.ldn.risk-vantagefx.com","","","","","fe-vig.protrader.ldn.risk-vantagefx.com","","false"
"13.43.250.167","*.8z7xp3b85swpm.eu-west-2.cs.amazonlightsail.com","","","","","*.8z7xp3b85swpm.eu-west-2.cs.amazonlightsail.com","","false"
"13.43.250.171","dev.trainnfitness.com","","","","","dev.trainnfitness.com|*.dev.trainnfitness.com","","false"
"13.43.250.175","identity.slz.santander.co.uk","","","","","identity.slz.santander.co.uk|*.identity.slz.santander.co.uk","","false"
"13.43.250.178","finage.co.uk","","","","","finage.co.uk|*.finage.co.uk","","false"
"13.43.250.182","*.eu-west-2.es.amazonaws.com","","","","","*.eu-west-2.es.amazonaws.com","","false"
"13.43.250.185","ctkidneyspecialists.com","","","","","ctkidneyspecialists.com|www.ctkidneyspecialists.com","","false"
"13.43.250.192","*.communic8.com","","","","","*.communic8.com","","false"
"13.43.250.191","*.aws.prod.dowgate.maiatech.io","","","","","*.aws.prod.dowgate.maiatech.io","","false"
"13.43.250.196","inelcohunter.co.uk","","","","","inelcohunter.co.uk|www.inelcohunter.co.uk","","false"
"13.43.250.203","*.eu-west-2.es.amazonaws.com","","","","","*.eu-west-2.es.amazonaws.com","","false"
"13.43.250.209","study-audit.chatapps.click","","","","","study-audit.chatapps.click","","false"
"13.43.250.210","*.emishealthinsights.co.uk","","","","","*.emishealthinsights.co.uk","","false"
"13.43.250.215","sonarqube.891377280470.fj-platformengineering.com","","","","","sonarqube.891377280470.fj-platformengineering.com","","false"
"13.43.250.218","*.saha.ng","","","","","*.saha.ng|saha.ng","","false"
"13.43.250.219","*.nccloud.co.uk","","","","","*.nccloud.co.uk|nccloud.co.uk","","false"
"13.43.250.223","dev.ihs-bsa.nhsbsa.net","","","","","dev.ihs-bsa.nhsbsa.net","","false"
"13.43.250.224","*.idoxcloud.com","","","","","*.idoxcloud.com|*.int.idoxcloud.com|*.nextgen.tascomi.com","","false"
"13.43.250.227","hobart.nomuda.cloud","","","","","hobart.nomuda.cloud|*.hobart.nomuda.cloud","","false"
"13.43.250.230","*.captionconnect.com","","","","","*.captionconnect.com|captionconnect.com","","false"
"13.43.250.229","*.dev.streamshield.ai","","","","","*.dev.streamshield.ai","","false"
"13.43.250.235","kube-apiserver","","","","","00305c595d8172ca134d775159d4068c.gr7.eu-west-2.eks.amazonaws.com|ip-172-16-56-219.eu-west-2.compute.internal|kubernetes|kubernetes.default|kubernetes.default.svc|kubernetes.default.svc.cluster.local","172.20.0.1|10.201.35.8|172.16.56.219","false"
"13.43.250.250","uk.myxplor.com","","","","","uk.myxplor.com|*.uk.myxplor.com","","false"
"13.43.250.255","Kubernetes Ingress Controller Fake Certificate","Acme Co","","","","ingress.local","","true"
"13.43.251.0","*.77.taxi","","","","","*.77.taxi","","false"
"13.43.251.5","kube-apiserver","","","","","8b7da69aa4382559040cbfa5634aed91.gr7.eu-west-2.eks.amazonaws.com|ip-10-0-45-11.eu-west-2.compute.internal|kubernetes|kubernetes.default|kubernetes.default.svc|kubernetes.default.svc.cluster.local","10.100.0.1|192.168.183.164|10.0.45.11","false"
"13.43.251.6","*.elements-dev.aquis.tech","","","","","*.elements-dev.aquis.tech|elements-dev.aquis.tech","","false"
"13.43.251.10","learn2prdfix-internal.open.ac.uk","","","","","learn2prdfix-internal.open.ac.uk","","false"
"13.43.251.12","development.v3.wordskii.rocks","","","","","development.v3.wordskii.rocks|*.development.v3.wordskii.rocks","","false"
"13.43.251.22","fundednext.pro","","","","","fundednext.pro","","false"
"13.43.251.23","*.intebloc.com","","","","","*.intebloc.com","","false"
"13.43.251.24","content-images.the.ismaili","","","","","content-images.the.ismaili","","false"
"13.43.251.25","kube-apiserver","","","","","53a0954bf3c520dbc3d8f54b00c4006d.gr7.eks-cluster.eu-west-2.api.aws|ip-172-16-166-99.eu-west-2.compute.internal|kubernetes|kubernetes.default|kubernetes.default.svc|kubernetes.default.svc.cluster.local","fd1b:3a5c:829b::1|2a05:d01c:2b:4521::235e|172.16.166.99","false"
"13.43.251.27","*.prd.amini.ai","","","","","*.prd.amini.ai","","false"
"13.43.251.35","tps-dev.cihsolutions.co.uk","","","","","tps-dev.cihsolutions.co.uk","","false"
"13.43.251.57","*.eu-west-2.es.amazonaws.com","","","","","*.eu-west-2.es.amazonaws.com","","false"
"13.43.251.62","example.com","","","","","example.com|www.example.com","127.0.0.1","true"
"13.43.251.67","*.ktyat54h1tjtj.eu-west-2.cs.amazonlightsail.com","","","","","*.ktyat54h1tjtj.eu-west-2.cs.amazonlightsail.com","","false"
"13.43.251.68","*.demo.nestboxsb.enginebystarling.net","","","","","*.demo.nestboxsb.enginebystarling.net","","false"
"13.43.251.75","feature.webgains.team","","","","","feature.webgains.team|*.feature.webgains.team","","false"
"13.43.251.76","nonprod.eps-dos.service.nhs.uk","","","","","nonprod.eps-dos.service.nhs.uk","","false"
"13.43.251.77","pps-auth.uat.thinkmoney.co.uk","","","","","pps-auth.uat.thinkmoney.co.uk","","false"
"13.43.251.78","*.marktomarket.io","","","","","*.marktomarket.io","","false"
"13.43.251.80","remitone.unitylink.uk","","","","","remitone.unitylink.uk|*.remitone.unitylink.uk","","false"
"13.43.251.99","*.connectworks.com","","","","","*.connectworks.com","","false"
"13.43.251.101","raisexch.com","","","","","raisexch.com|*.raisexch.com","","false"
"13.43.251.105","dev.askethos.com","","","","","dev.askethos.com|*.dev.askethos.com","","false"
"13.43.251.106","CloudFlare Origin Certificate","CloudFlare, Inc.","","","","royalreelsdevtest.com","","false"
"13.43.251.110","*.pagepeek.ai","","","","","*.pagepeek.ai","","false"
"13.43.251.115","*.recoinsights.com","","","","","*.recoinsights.com","","false"
"13.43.251.123","www.qivox.com","","","","","qivox.com|www.qivox.com","","false"
"13.43.251.124","qa-unavista.lseg.com","","","","","qa-unavista.lseg.com|wwwtest.unavista.londonstockexchange.com","","false"
"13.43.251.134","managed-tls-forgeweb-p-ew2-a880b94e3cca.cloudos.autodesk.com","Autodesk, Inc.","US","San Francisco","California","managed-tls-forgeweb-p-ew2-a880b94e3cca.cloudos.autodesk.com|httpadapter.forgeweb-p-ew2.cloudos.autodesk.com","","false"
"13.43.251.140","*.pennies.org.uk","","","","","*.pennies.org.uk","","false"
"13.43.251.138","*.nccloud.co.uk","","","","","*.nccloud.co.uk|nccloud.co.uk","","false"
"13.43.251.144","kube-apiserver","","","","","31d39608ed4cd6f6a79334e8b7abacf5.gr7.eu-west-2.eks.amazonaws.com|ip-172-16-169-127.eu-west-2.compute.internal|kubernetes|kubernetes.default|kubernetes.default.svc|kubernetes.default.svc.cluster.local","172.20.0.1|10.56.161.201|172.16.169.127","false"
"13.43.251.141","nationwideplatforms.co.uk","Lavendon Group Limited","GB","Lutterworth","","nationwideplatforms.co.uk|www.nationwideplatforms.co.uk","","false"
"13.43.251.149","*.vpdtest.com","","","","","*.vpdtest.com","","false"
"13.43.251.147","directory.core.development.trust.ib1.org","","","","","directory.core.development.trust.ib1.org","","false"
"13.43.251.156","*.eu-west-2.es.amazonaws.com","","","","","*.eu-west-2.es.amazonaws.com","","false"
"13.43.251.145","dfbf.vpn.sse.cisco.com","Cisco Systems Inc.","US","San Jose","California","z-a.ctim.cisco.com|dfbf.vpn.sse.cisco.com|entry0-dfbf.vpn.sse.cisco.com|entry1-dfbf.vpn.sse.cisco.com|entry2-dfbf.vpn.sse.cisco.com|entry3-dfbf.vpn.sse.cisco.com|entry4-dfbf.vpn.sse.cisco.com|entry5-dfbf.vpn.sse.cisco.com|entry6-dfbf.vpn.sse.cisco.com|entry7-dfbf.vpn.sse.cisco.com|entry8-dfbf.vpn.sse.cisco.com|entry9-dfbf.vpn.sse.cisco.com|entry10-dfbf.vpn.sse.cisco.com|entry11-dfbf.vpn.sse.cisco.com|entry12-dfbf.vpn.sse.cisco.com|entry13-dfbf.vpn.sse.cisco.com|entry14-dfbf.vpn.sse.cisco.com|entry15-dfbf.vpn.sse.cisco.com|entry16-dfbf.vpn.sse.cisco.com|entry17-dfbf.vpn.sse.cisco.com|entry18-dfbf.vpn.sse.cisco.com|entry19-dfbf.vpn.sse.cisco.com|entry20-dfbf.vpn.sse.cisco.com|entry21-dfbf.vpn.sse.cisco.com|entry22-dfbf.vpn.sse.cisco.com|entry23-dfbf.vpn.sse.cisco.com|entry24-dfbf.vpn.sse.cisco.com|entry25-dfbf.vpn.sse.cisco.com|entry26-dfbf.vpn.sse.cisco.com|entry27-dfbf.vpn.sse.cisco.com|entry28-dfbf.vpn.sse.cisco.com|entry29-dfbf.vpn.sse.cisco.com|entry30-dfbf.vpn.sse.cisco.com|entry31-dfbf.vpn.sse.cisco.com|entry32-dfbf.vpn.sse.cisco.com|entry33-dfbf.vpn.sse.cisco.com|entry34-dfbf.vpn.sse.cisco.com|entry35-dfbf.vpn.sse.cisco.com|entry36-dfbf.vpn.sse.cisco.com|entry37-dfbf.vpn.sse.cisco.com|entry38-dfbf.vpn.sse.cisco.com|entry39-dfbf.vpn.sse.cisco.com|entry40-dfbf.vpn.sse.cisco.com|entry41-dfbf.vpn.sse.cisco.com|entry42-dfbf.vpn.sse.cisco.com|entry43-dfbf.vpn.sse.cisco.com|entry44-dfbf.vpn.sse.cisco.com|entry45-dfbf.vpn.sse.cisco.com|ap-east-1-dfbf.vpn.sse.cisco.com|ca-west-1-dfbf.vpn.sse.cisco.com|eu-west-1-dfbf.vpn.sse.cisco.com|eu-west-2-dfbf.vpn.sse.cisco.com|eu-west-3-dfbf.vpn.sse.cisco.com|sa-east-1-dfbf.vpn.sse.cisco.com|us-east-1-dfbf.vpn.sse.cisco.com|us-east-2-dfbf.vpn.sse.cisco.com|us-west-1-dfbf.vpn.sse.cisco.com|us-west-2-dfbf.vpn.sse.cisco.com|af-south-1-dfbf.vpn.sse.cisco.com|ap-south-1-dfbf.vpn.sse.cisco.com|ap-south-2-dfbf.vpn.sse.cisco.com|eu-north-1-dfbf.vpn.sse.cisco.com|eu-south-1-dfbf.vpn.sse.cisco.com|eu-south-2-dfbf.vpn.sse.cisco.com|me-south-1-dfbf.vpn.sse.cisco.com|ca-central-1-dfbf.vpn.sse.cisco.com|eu-central-1-dfbf.vpn.sse.cisco.com|eu-central-2-dfbf.vpn.sse.cisco.com|il-central-1-dfbf.vpn.sse.cisco.com|me-central-1-dfbf.vpn.sse.cisco.com|ap-northeast-1-dfbf.vpn.sse.cisco.com|ap-northeast-2-dfbf.vpn.sse.cisco.com|ap-northeast-3-dfbf.vpn.sse.cisco.com|ap-southeast-1-dfbf.vpn.sse.cisco.com|ap-southeast-2-dfbf.vpn.sse.cisco.com|ap-southeast-3-dfbf.vpn.sse.cisco.com|ap-southeast-4-dfbf.vpn.sse.cisco.com|ap-southeast-5-dfbf.vpn.sse.cisco.com","","false"
"13.43.251.155","lhr1.telemetry.eu-west-2.kermit.alameda.aws.dev","","","","","lhr1.telemetry.eu-west-2.kermit.alameda.aws.dev","","false"
"13.43.251.158","*.randomdigit.net","","","","","*.randomdigit.net|randomdigit.net","","false"
"13.43.251.166","*.eu-west-2.es.amazonaws.com","","","","","*.eu-west-2.es.amazonaws.com","","false"
"13.43.251.183","data.tunneling.iot.eu-west-2.amazonaws.com","","","","","data.tunneling.iot.eu-west-2.amazonaws.com|data.iot-tunneling.eu-west-2.api.aws","","false"
"13.43.251.185","*.bondaval.com","","","","","*.bondaval.com","","false"
"13.43.251.181","*.prod.smex.ai","","","","","*.prod.smex.ai","","false"
"13.43.251.190","cohort-builder.cohortcore.emis-x.uk","","","","","cohort-builder.cohortcore.emis-x.uk","","false"
"13.43.251.194","cotrustee-stage.my.digital.ncsc.dev","","","","","cotrustee-stage.my.digital.ncsc.dev|*.cotrustee-stage.my.digital.ncsc.dev","","false"
"13.43.251.169","02c9.vpn.sse.cisco.com","Cisco Systems Inc.","US","San Jose","California","z-a.ctim.cisco.com|02c9.vpn.sse.cisco.com|entry0-02c9.vpn.sse.cisco.com|entry1-02c9.vpn.sse.cisco.com|entry2-02c9.vpn.sse.cisco.com|entry3-02c9.vpn.sse.cisco.com|entry4-02c9.vpn.sse.cisco.com|entry5-02c9.vpn.sse.cisco.com|entry6-02c9.vpn.sse.cisco.com|entry7-02c9.vpn.sse.cisco.com|entry8-02c9.vpn.sse.cisco.com|entry9-02c9.vpn.sse.cisco.com|entry10-02c9.vpn.sse.cisco.com|entry11-02c9.vpn.sse.cisco.com|entry12-02c9.vpn.sse.cisco.com|entry13-02c9.vpn.sse.cisco.com|entry14-02c9.vpn.sse.cisco.com|entry15-02c9.vpn.sse.cisco.com|entry16-02c9.vpn.sse.cisco.com|entry17-02c9.vpn.sse.cisco.com|entry18-02c9.vpn.sse.cisco.com|entry19-02c9.vpn.sse.cisco.com|entry20-02c9.vpn.sse.cisco.com|entry21-02c9.vpn.sse.cisco.com|entry22-02c9.vpn.sse.cisco.com|entry23-02c9.vpn.sse.cisco.com|entry24-02c9.vpn.sse.cisco.com|entry25-02c9.vpn.sse.cisco.com|entry26-02c9.vpn.sse.cisco.com|entry27-02c9.vpn.sse.cisco.com|entry28-02c9.vpn.sse.cisco.com|entry29-02c9.vpn.sse.cisco.com|entry30-02c9.vpn.sse.cisco.com|entry31-02c9.vpn.sse.cisco.com|entry32-02c9.vpn.sse.cisco.com|entry33-02c9.vpn.sse.cisco.com|entry34-02c9.vpn.sse.cisco.com|entry35-02c9.vpn.sse.cisco.com|entry36-02c9.vpn.sse.cisco.com|entry37-02c9.vpn.sse.cisco.com|entry38-02c9.vpn.sse.cisco.com|entry39-02c9.vpn.sse.cisco.com|entry40-02c9.vpn.sse.cisco.com|entry41-02c9.vpn.sse.cisco.com|entry42-02c9.vpn.sse.cisco.com|entry43-02c9.vpn.sse.cisco.com|entry44-02c9.vpn.sse.cisco.com|entry45-02c9.vpn.sse.cisco.com|ap-east-1-02c9.vpn.sse.cisco.com|ca-west-1-02c9.vpn.sse.cisco.com|eu-west-1-02c9.vpn.sse.cisco.com|eu-west-2-02c9.vpn.sse.cisco.com|eu-west-3-02c9.vpn.sse.cisco.com|sa-east-1-02c9.vpn.sse.cisco.com|us-east-1-02c9.vpn.sse.cisco.com|us-east-2-02c9.vpn.sse.cisco.com|us-west-1-02c9.vpn.sse.cisco.com|us-west-2-02c9.vpn.sse.cisco.com|af-south-1-02c9.vpn.sse.cisco.com|ap-south-1-02c9.vpn.sse.cisco.com|ap-south-2-02c9.vpn.sse.cisco.com|eu-north-1-02c9.vpn.sse.cisco.com|eu-south-1-02c9.vpn.sse.cisco.com|eu-south-2-02c9.vpn.sse.cisco.com|me-south-1-02c9.vpn.sse.cisco.com|ca-central-1-02c9.vpn.sse.cisco.com|eu-central-1-02c9.vpn.sse.cisco.com|eu-central-2-02c9.vpn.sse.cisco.com|il-central-1-02c9.vpn.sse.cisco.com|me-central-1-02c9.vpn.sse.cisco.com|ap-northeast-1-02c9.vpn.sse.cisco.com|ap-northeast-2-02c9.vpn.sse.cisco.com|ap-northeast-3-02c9.vpn.sse.cisco.com|ap-southeast-1-02c9.vpn.sse.cisco.com|ap-southeast-2-02c9.vpn.sse.cisco.com|ap-southeast-3-02c9.vpn.sse.cisco.com|ap-southeast-4-02c9.vpn.sse.cisco.com|ap-southeast-5-02c9.vpn.sse.cisco.com","","false"
"13.43.251.197","aurora-bot.top","","","","","aurora-bot.top|*.aurora-bot.top","","false"
"13.43.251.198","*.multiverse.io","","","","","*.multiverse.io","","false"
"13.43.251.204","*.indico.ch.sa.aws.dev","","","","","*.indico.ch.sa.aws.dev","","false"
"13.43.251.208","*.demo.metals.paxos.com","","","","","*.demo.metals.paxos.com|*.demo.posttradenonprod.paxos.com","","false"
"13.43.251.210","portraitcommunications.3cx.uk","","","","","portraitcommunications.3cx.uk","","false"
"13.43.251.213","ms-dev.uk","","","","","ms-dev.uk|www.ms-dev.uk","","false"
"13.43.251.216","*.eu-west-2.es.amazonaws.com","","","","","*.eu-west-2.es.amazonaws.com","","false"
"13.43.251.223","*.eu-west-2.es.amazonaws.com","","","","","*.eu-west-2.es.amazonaws.com","","false"
"13.43.251.227","*.centric-cloud.com","Centric Software, Inc.","US","Campbell","California","*.centric-cloud.com|centric-cloud.com","","false"
"13.43.251.237","preprod.grid.civilservice.gov.uk","","","","","preprod.grid.civilservice.gov.uk","","false"
"13.43.251.239","*.bluestone.co.uk","","","","","*.bluestone.co.uk|bluestone.co.uk","","false"
"13.43.251.241","*.panda.org","WWF International","CH","","Vaud","*.panda.org|panda.org","","false"
"13.43.251.245","kube-apiserver","","","","","f65cb93f1c05fae7cfd9739800412655.gr7.eu-west-2.eks.amazonaws.com|ip-172-16-39-225.eu-west-2.compute.internal|kubernetes|kubernetes.default|kubernetes.default.svc|kubernetes.default.svc.cluster.local","172.20.0.1|10.111.48.219|172.16.39.225","false"
"13.43.251.249","*.spryker-ghtest.cloud.spryker.toys","","","","","*.spryker-ghtest.cloud.spryker.toys|backend-api.de.spryker-ghtest.cloud.spryker.toys|glue-storefront.at.spryker-ghtest.cloud.spryker.toys|www.at.spryker-ghtest.cloud.spryker.toys|glue-storefront.de.spryker-ghtest.cloud.spryker.toys|glue-backend.de.spryker-ghtest.cloud.spryker.toys|glue.at.spryker-ghtest.cloud.spryker.toys|glue.de.spryker-ghtest.cloud.spryker.toys|backoffice.at.spryker-ghtest.cloud.spryker.toys|mp.at.spryker-ghtest.cloud.spryker.toys|glue-backend.at.spryker-ghtest.cloud.spryker.toys|backend-gateway.de.spryker-ghtest.cloud.spryker.toys|at.spryker-ghtest.cloud.spryker.toys|demo-date-time-configurator.spryker-ghtest.cloud.spryker.toys|www.de.spryker-ghtest.cloud.spryker.toys|spryker-ghtest.cloud.spryker.toys|backend-api.at.spryker-ghtest.cloud.spryker.toys|de.spryker-ghtest.cloud.spryker.toys|backoffice.de.spryker-ghtest.cloud.spryker.toys|mp.de.spryker-ghtest.cloud.spryker.toys|backend-gateway.at.spryker-ghtest.cloud.spryker.toys","","false"
"13.43.252.7","*.xedigital-wildcard.net","","","","","*.xedigital-wildcard.net","","false"
"13.43.252.6","*.c5.eu-west-2.airflow.amazonaws.com","","","","","*.c5.eu-west-2.airflow.amazonaws.com","","false"
"13.43.252.9","*.saffronfdh.com","","","","","*.saffronfdh.com","","false"
"13.43.252.15","*.bleepa.me","","","","","*.bleepa.me","","false"
"13.43.252.14","application.havenstoke.org","","","","","application.havenstoke.org|havenstoke.org","","false"
"13.43.252.16","*.crsspltn.com","","","","","*.crsspltn.com|crsspltn.com","","false"
"13.43.252.18","*.qisneu6ej52rk.eu-west-2.cs.lightsail.ec2.aws.dev","","","","","*.qisneu6ej52rk.eu-west-2.cs.lightsail.ec2.aws.dev","","false"
"13.43.252.24","*.c6.eu-west-2.airflow.amazonaws.com","","","","","*.c6.eu-west-2.airflow.amazonaws.com","","false"
"13.43.252.25","epos.lovetakeaway.co.uk","","","","","epos.lovetakeaway.co.uk","","false"
"13.43.252.39","*.antechdiagnostics.com","","","","","*.antechdiagnostics.com","","false"
"13.43.252.40","*.powerverse.com","","","","","*.powerverse.com","","false"
"13.43.252.46","hsbcprod.preservica.com","","","","","hsbcprod.preservica.com|*.access.preservica.com|access.preservica.com","","false"
"13.43.252.45","*.depotnet.co.uk","","","","","*.depotnet.co.uk","","false"
"13.43.252.53","*.dronesense.co.uk","","","","","*.dronesense.co.uk","","false"
"13.43.252.54","Veeam AWS Backup Localhost","Veeam Software","CH","","Zug","ip-172-31-37-181.eu-west-2.compute.internal|localhost","","false"
"13.43.252.81","documents.mysmart-e.co.uk","","","","","documents.mysmart-e.co.uk|documents.eternalengage.co.uk|documents.cjsengage.ie|documents.lwmengage.co.uk|documents.hive360engage.co.uk|documents.innoteq-engage.co.uk|documents.w3engage.co.uk|documents.cjsengage.co.uk|documents.mithub.co.uk","","false"
"13.43.252.83","flower-dev.meraqi.tech","","","","","flower-dev.meraqi.tech|flower-stg.meraqi.tech","","false"
"13.43.252.89","testjira.cancer.org.uk","","","","","testjira.cancer.org.uk","","false"
"13.43.252.94","*.bt928n82nl3p6.eu-west-2.cs.amazonlightsail.com","","","","","*.bt928n82nl3p6.eu-west-2.cs.amazonlightsail.com","","false"
"13.43.252.97","dev.aitworldwide.com","","","","","dev.aitworldwide.com|*.beta.aitworldwide.com|beta.aitworldwide.com|*.dev.aitworldwide.com","","false"
"13.43.252.102","preprod.integration.digital.coveahosted.co.uk","","","","","preprod.integration.digital.coveahosted.co.uk","","false"
"13.43.252.100","multibankgroup.com","","","","","multibankgroup.com|*.multibankgroup.com","","false"
"13.43.252.108","api2.thedarabase.io","","","","","api2.thedarabase.io","","false"
"13.43.252.113","*.eu-west-2.es.amazonaws.com","","","","","*.eu-west-2.es.amazonaws.com","","false"
"13.43.252.117","uk.prod.inbudget.io","","","","","uk.prod.inbudget.io|*.uk.prod.inbudget.io|*.app.inbudget.com|*.uk.app.inbudget.com","","false"
"13.43.252.121","kube-apiserver","","","","","5a646dc099dc233e264a7d66177ddcf2.gr7.eu-west-2.eks.amazonaws.com|ip-10-0-127-32.eu-west-2.compute.internal|kubernetes|kubernetes.default|kubernetes.default.svc|kubernetes.default.svc.cluster.local","10.100.0.1|172.31.75.156|10.0.127.32","false"
"13.43.252.133","*.lta98urmgesd6.eu-west-2.cs.amazonlightsail.com","","","","","*.lta98urmgesd6.eu-west-2.cs.amazonlightsail.com","","false"
"13.43.252.143","*.0su4neishnt4e.eu-west-2.cs.amazonlightsail.com","","","","","*.0su4neishnt4e.eu-west-2.cs.amazonlightsail.com","","false"
"13.43.252.144","portal.insightsurgery.com","","","","","portal.insightsurgery.com|portal.3dlifeprints.com","","false"
"13.43.252.145","kube-apiserver","","","","","ed3be9ae473ea1f6cd8cfbe1535bbb64.yl4.eu-west-2.eks.amazonaws.com|ip-10-0-61-42.eu-west-2.compute.internal|kubernetes|kubernetes.default|kubernetes.default.svc|kubernetes.default.svc.cluster.local","10.100.0.1|192.168.138.206|10.0.61.42","false"
"13.43.252.146","*.staging.requeue.net","","","","","*.staging.requeue.net|*.prod.requeue.net","","false"
"13.43.252.147","*.lindushealth.com","","","","","*.lindushealth.com|*.citrus.lindushealth.com","","false"
"13.43.252.165","api-dt-e.hubwise.co.uk","","","","","api-dt-e.hubwise.co.uk","","false"
"13.43.252.169","dev1.myquote.bt.com","","","","","dev1.myquote.bt.com","","false"
"13.43.252.171","*.midlandheart.org.uk","MIDLAND HEART LIMITED","GB","Birmingham","","*.midlandheart.org.uk|midlandheart.org.uk","","false"
"13.43.252.180","x-dev.oricloud.io","","","","","x-dev.oricloud.io","","false"
"13.43.252.189","procdev.horisk.com","","","","","procdev.horisk.com","","false"
"13.43.252.182","eventry.tommys.udcert.net","","","","","eventry.tommys.udcert.net","","false"
"13.43.252.199","*.mosaicisland.co.uk","","","","","*.mosaicisland.co.uk|*.mosaicisland.email|mosaicisland.co.uk|*.mosaicisland.technology|*.mosaicisland.com","","false"
"13.43.252.202","*.cloud.tanium.com","","","","","*.cloud.tanium.com","","false"
"13.43.252.206","otds.hertscc.gov.uk","Hertfordshire County Council","GB","","Hertfordshire","otds.hertscc.gov.uk|dev.otds.hertscc.gov.uk|dr.otds.hertscc.gov.uk|qa.otds.hertscc.gov.uk","","false"
"13.43.252.204","*.allocate-cloud.co.uk","","","","","*.allocate-cloud.co.uk","","false"
"13.43.252.207","th.etd.fcodev.org.uk","","","","","th.etd.fcodev.org.uk","","false"
"13.43.252.211","*.genekeys.com","","","","","*.genekeys.com","","false"
"13.43.252.218","card-management.api.currensea.com","","","","","card-management.api.currensea.com","","false"
"13.43.252.236","uat2.verify.monument.co","","","","","uat2.verify.monument.co","","false"
"13.43.252.237","*.crisistextlineuk.org","","","","","*.crisistextlineuk.org","","false"
"13.43.252.240","www.dinoranch.tv","","","","","www.dinoranch.tv|dinoranch.tv","","false"
"13.43.252.242","Kubernetes Ingress Controller Fake Certificate","Acme Co","","","","ingress.local","","true"
"13.43.252.245","*.eu-west-2.es.amazonaws.com","","","","","*.eu-west-2.es.amazonaws.com","","false"
"13.43.252.248","*.k3dh30ilirkas.eu-west-2.cs.amazonlightsail.com","","","","","*.k3dh30ilirkas.eu-west-2.cs.amazonlightsail.com","","false"
"13.43.252.251","ssbprod.starlimscloud.com","","","","","ssbprod.starlimscloud.com","","false"
"13.43.252.252","api.docs.emis-x.uk","","","","","api.docs.emis-x.uk","","false"
"13.43.252.253","*.matrix.squiz.cloud","","","","","*.matrix.squiz.cloud|matrix.squiz.cloud","","false"
"13.43.252.254","*.cardiosleeve.com","","","","","*.cardiosleeve.com","","false"
"13.43.253.4","*.foodtest.co.uk","","","","","*.foodtest.co.uk","","false"
"13.43.253.16","*.prestaging.vmduk.net","","","","","*.prestaging.vmduk.net|prestaging.vmduk.net","","false"
"13.43.253.20","multibot.ai","","","","","multibot.ai|*.multibot.ai","","false"
"13.43.253.22","*.sureviewinternational.com","","","","","*.sureviewinternational.com","","false"
"13.43.253.26","fe-nexgen.fiftyfivetech.io","","","","","fe-nexgen.fiftyfivetech.io","","false"
"13.43.253.25","*.beta.nowwhat.health","","","","","*.beta.nowwhat.health","","false"
"13.43.253.28","*.useklak.com","","","","","*.useklak.com","","false"
"13.43.253.36","*.pilot.thredd.cloud","","","","","*.pilot.thredd.cloud","","false"
"13.43.253.46","*.peakamplify.com","","","","","*.peakamplify.com","","false"
"13.43.253.59","formeditor.voicebox.marketing.delivery","","","","","formeditor.voicebox.marketing.delivery","","false"
"13.43.253.63","firstplanit.com","","","","","firstplanit.com|*.firstplanit.com","","false"
"13.43.253.65","dev.starcast.stardio.com","","","","","dev.starcast.stardio.com","","false"
"13.43.253.68","*.specialist-pharmacy.com","","","","","*.specialist-pharmacy.com|specialist-pharmacy.com","","false"
"13.43.253.71","*.iot.eu-west-2.amazonaws.com","Amazon.com, Inc.","US","Seattle","Washington","iot.eu-west-2.amazonaws.com|*.iot.eu-west-2.amazonaws.com","","false"
"13.43.253.80","kube-apiserver","","","","","d605041a8a0d2f9c7a2b7127303fe941.yl4.eu-west-2.eks.amazonaws.com|ip-10-0-115-21.eu-west-2.compute.internal|kubernetes|kubernetes.default|kubernetes.default.svc|kubernetes.default.svc.cluster.local","10.100.0.1|192.168.71.154|10.0.115.21","false"
"13.43.253.74","*.salary-finance-ecs-nonprod.com","","","","","*.salary-finance-ecs-nonprod.com|*.saldev.net","","false"
"13.43.253.88","*.dev.communityxseen.com","","","","","*.dev.communityxseen.com","","false"
"13.43.253.94","forms.uat.voicebox.marketingdelivery.net","","","","","forms.uat.voicebox.marketingdelivery.net|formeditor.uat.voicebox.marketingdelivery.net|emaileditor.uat.voicebox.marketingdelivery.net","","false"
"13.43.253.102","*.j0i9t61q5fno0.eu-west-2.cs.amazonlightsail.com","","","","","*.j0i9t61q5fno0.eu-west-2.cs.amazonlightsail.com","","false"
"13.43.253.104","axian.link","","","","","axian.link|pwa.ltd|*.axian.link|*.pwa.ltd","","false"
"13.43.253.107","*.payprop.com","PayProp Holdings Ltd","GB","Englefield Green","","*.payprop.com","","false"
"13.43.253.113","staging.r2.onsecurity.io","","","","","staging.r2.onsecurity.io","","false"
"13.43.253.112","dev.planning.londonstreetscape.co.uk","","","","","dev.planning.londonstreetscape.co.uk","","false"
"13.43.253.125","aws-stage.antarcticaam.app","","","","","aws-stage.antarcticaam.app|*.aws-stage.antarcticaam.app","","false"
"13.43.253.128","kube-apiserver","","","","","9e7708dd49d94bb7faae0b95cac995e6.gr7.eu-west-2.eks.amazonaws.com|ip-172-16-61-20.eu-west-2.compute.internal|kubernetes|kubernetes.default|kubernetes.default.svc|kubernetes.default.svc.cluster.local","172.20.0.1|10.114.158.179|172.16.61.20","false"
"13.43.253.133","*.7dots.build","","","","","*.7dots.build","","false"
"13.43.253.131","meltek.app","","","","","meltek.app|*.meltek.app","","false"
"13.43.253.135","gitlab.dev.tools.core.data.digital.nhs.uk","","","","","gitlab.dev.tools.core.data.digital.nhs.uk","","false"
"13.43.253.138","managed-services.co.uk","","","","","managed-services.co.uk|www.managed-services.co.uk","","false"
"13.43.253.142","www.unlockinglettersandsounds.co.uk","","","","","www.unlockinglettersandsounds.co.uk|unlockinglettersandsounds.co.uk","","false"
"13.43.253.148","dev.addup.net","","","","","dev.addup.net|*.dev.addup.net","","false"
"13.43.253.149","*.weski.com","","","","","*.weski.com|*.weski.ie|*.weski.fr|*.weski.co.il|*.goweski.com|*.wetrip.com|*.wetrip.co.uk|*.weski.co.uk","","false"
"13.43.253.154","api.reportandsupport.co.uk","","","","","api.reportandsupport.co.uk","","false"
"13.43.253.158","*.srsp.beta.jncc.io","","","","","*.srsp.beta.jncc.io","","false"
"13.43.253.157","dummy","Internet Widgits Pty Ltd","AU","","Some-State","","","true"
"13.43.253.121","*.ringotel.co","","","","","*.ringotel.co|ringotel.co","","false"
"13.43.253.170","*.eu-west-2.es.amazonaws.com","","","","","*.eu-west-2.es.amazonaws.com","","false"
"13.43.253.175","*.truepos.se","","","","","*.truepos.se","","false"
"13.43.253.172","demo.itmportal.co.uk","","","","","demo.itmportal.co.uk|*.demo.itmportal.co.uk","","false"
"13.43.253.177","cert-lb-activate-redirects.ls-alb-testing.com","","","","","cert-lb-activate-redirects.ls-alb-testing.com","","false"
"13.43.253.183","*.a85.verintcloudservices.com","VERINT AMERICAS INC.","US","Alpharetta","Georgia","*.a85.verintcloudservices.com","","false"
"13.43.253.185","*.test02.lexascms-nonprod.com","","","","","*.test02.lexascms-nonprod.com","","false"
"13.43.253.188","*.eu-west-2.es.amazonaws.com","","","","","*.eu-west-2.es.amazonaws.com","","false"
"13.43.253.187","portal.travelpack.com","","","","","portal.travelpack.com|www.portal.travelpack.com","","false"
"13.43.253.195","*.tines-demo.runpanther.net","","","","","*.tines-demo.runpanther.net","","false"
"13.43.253.196","dummy.local","Global Security","GB","London","London","","","true"
"13.43.253.199","cambridgedev.org","","","","","cambridgedev.org|*.cambridgedev.org","","false"
"13.43.253.203","*.alloc8.tickets","","","","","*.alloc8.tickets","","false"
"13.43.253.218","CloudFlare Origin Certificate","CloudFlare, Inc.","","","","*.artfol.club|artfol.club|www.artfol.club","","false"
"13.43.253.216","finapp.dev1.b9346dde262a11b.euwe2.prd-plat.aws.bt.com","","","","","finapp.dev1.b9346dde262a11b.euwe2.prd-plat.aws.bt.com","","false"
"13.43.253.217","*.caa-global.org","","","","","*.caa-global.org","","false"
"13.43.253.224","*.eu-west-2.osis.amazonaws.com","","","","","*.eu-west-2.osis.amazonaws.com|*.osis.eu-west-2.vpce.amazonaws.com","","false"
"13.43.253.229","*.tebhdrovvoc5g.eu-west-2.cs.amazonlightsail.com","","","","","*.tebhdrovvoc5g.eu-west-2.cs.amazonlightsail.com","","false"
"13.43.253.232","*.signagelive.com","Signagelive Limited","GB","Little Chesterford","","*.signagelive.com","","false"
"13.43.253.237","*.uk.predictiv.co.uk","","","","","*.uk.predictiv.co.uk|uk.predictiv.co.uk","","false"
"13.43.253.235","kube-apiserver","","","","","5eeadc146c623010d3ec313bebb40e85.gr7.eu-west-2.eks.amazonaws.com|ip-10-0-51-110.eu-west-2.compute.internal|kubernetes|kubernetes.default|kubernetes.default.svc|kubernetes.default.svc.cluster.local","10.100.0.1|100.66.29.219|10.0.51.110","false"
"13.43.253.240","amitsml.people.aws.dev","","","","","amitsml.people.aws.dev|*.amitsml.people.aws.dev","","false"
"13.43.253.254","*.trafficlabel.com","","","","","*.trafficlabel.com","","false"
"13.43.254.2","*.smartvideogo.com","","","","","*.smartvideogo.com|smartvideogo.com","","false"
"13.43.254.19","eu-west-2.gamma.tagging.identity.aws.dev","","","","","eu-west-2.gamma.tagging.identity.aws.dev","","false"
"13.43.254.17","smscoegypt.com","","","","","smscoegypt.com|www.smscoegypt.com","","false"
"13.43.254.32","cdn.uat.web-devapp.com","","","","","cdn.uat.web-devapp.com","","false"
"13.43.254.31","*.betting.nonprod.sharpgaming.net","","","","","*.betting.nonprod.sharpgaming.net","","false"
"13.43.254.37","kube-apiserver","","","","","5e262c7792f32602d19211b0b1a7c3cc.yl4.eu-west-2.eks.amazonaws.com|ip-172-16-45-147.eu-west-2.compute.internal|kubernetes|kubernetes.default|kubernetes.default.svc|kubernetes.default.svc.cluster.local","172.20.0.1|10.0.2.129|172.16.45.147","false"
"13.43.254.41","api.myemissions.co","","","","","api.myemissions.co","","false"
"13.43.254.46","*.greghk.people.aws.dev","","","","","*.greghk.people.aws.dev","","false"
"13.43.254.47","mcstaging.phc.parts","Magento Cloud","FR","","","","","true"
"13.43.254.50","*.bookteq.com","","","","","*.bookteq.com|bookteq.com","","false"
"13.43.254.58","*.eu-west-2.es.amazonaws.com","","","","","*.eu-west-2.es.amazonaws.com","","false"
"13.43.254.59","*.zogz.co.uk","","","","","*.zogz.co.uk|zogz.co.uk","","false"
"13.43.254.61","*.moneybrain.com","","","","","*.moneybrain.com","","false"
"13.43.254.60","kube-apiserver","","","","","4858ed318925d4bebb722d4bd63a9b81.gr7.eu-west-2.eks.amazonaws.com|ip-172-16-181-193.eu-west-2.compute.internal|kubernetes|kubernetes.default|kubernetes.default.svc|kubernetes.default.svc.cluster.local","172.20.0.1|10.238.139.80|172.16.181.193","false"
"13.43.254.62","*.cableosportal.com","","","","","*.cableosportal.com","","false"
"13.43.254.63","*.paylinksolutions.co.uk","","","","","*.paylinksolutions.co.uk|*.paylinksolutions.pt|*.paylinksolutions.es","","false"
"13.43.254.69","stage.check-for-help-paying-nhs-costs.nhsbsa.net","","","","","stage.check-for-help-paying-nhs-costs.nhsbsa.net","","false"
"13.43.254.75","csp.technolutions.co.za","","","","","csp.technolutions.co.za","","false"
"13.43.254.88","solv.co.ke","","","","","solv.co.ke|*.solv.co.ke","","false"
"13.43.254.84","test.tuckers-villa.com","","","","","test.tuckers-villa.com|www.test.tuckers-villa.com|testmanagement.ssf-admin.co.uk|test.ssf-admin.co.uk|test.southsandsferry.co.uk","","false"
"13.43.254.90","*.eu-west-2.es.amazonaws.com","","","","","*.eu-west-2.es.amazonaws.com","","false"
"13.43.254.94","*.eu-west-2.es.amazonaws.com","","","","","*.eu-west-2.es.amazonaws.com","","false"
"13.43.254.95","ae-perspective.co.uk","","","","","ae-perspective.co.uk|staging-api.ae-perspective.co.uk","","false"
"13.43.254.100","mcprod.granado.eu","Magento Cloud","FR","","","","","true"
"13.43.254.106","*.vuture.net","","","","","*.vuture.net","","false"
"13.43.254.105","*.cluster.pegaservice.net","","","","","*.cluster.pegaservice.net","","false"
"13.43.254.111","threatmodeler.net","","","","","threatmodeler.net|*.threatmodeler.net","","false"
"13.43.254.108","kube-apiserver","","","","","76de507fe9c9d3dacaf0693d2386ed68.yl4.eu-west-2.eks.amazonaws.com|ip-10-0-43-87.eu-west-2.compute.internal|kubernetes|kubernetes.default|kubernetes.default.svc|kubernetes.default.svc.cluster.local","10.100.0.1|192.168.166.128|10.0.43.87","false"
"13.43.254.121","secure.insights.thomsonreuters.com","Thomson Reuters Corporation","CA","","Ontario","secure.insights.thomsonreuters.com","","false"
"13.43.254.124","www.voodoo.co.uk","","","","","www.voodoo.co.uk|voodoo.co.uk","","false"
"13.43.254.126","*.webiouk.com","","","","","*.webiouk.com","","false"
"13.43.254.130","cpqwb.eu3.inforcloudsuite.com","","","","","cpqwb.eu3.inforcloudsuite.com","","false"
"13.43.254.136","*.eu-west-2.es.amazonaws.com","","","","","*.eu-west-2.es.amazonaws.com","","false"
"13.43.254.139","*.pocketgiving.co.uk","","","","","*.pocketgiving.co.uk","","false"
"13.43.254.144","cricaza.in","","","","","cricaza.in|*.cricaza.in","","false"
"13.43.254.146","*.eu-west-2.es.amazonaws.com","","","","","*.eu-west-2.es.amazonaws.com","","false"
"13.43.254.153","*.companieshouse.gov.uk","Companies House","GB","Cardiff","","*.companieshouse.gov.uk|*.company-information.service.gov.uk","","false"
"13.43.254.156","*.mentorgroup.co.uk","","","","","*.mentorgroup.co.uk|*.staging.mentorgroup.co.uk","","false"
"13.43.254.161","raffle.francishouse.org.uk","","","","","raffle.francishouse.org.uk|festivaloftrees.co.uk|fundraising.francishouse.org.uk|www.festivaloftrees.co.uk","","false"
"13.43.254.168","dev.sitigrid.com","","","","","dev.sitigrid.com|platform-staging.sitigrid.com","","false"
"13.43.254.171","*.k2jqk6myj5chc.eu-west-2.cs.amazonlightsail.com","","","","","*.k2jqk6myj5chc.eu-west-2.cs.amazonlightsail.com","","false"
"13.43.254.173","qa.ptm.staysuregroup.com","","","","","qa.ptm.staysuregroup.com|*.qa.ptm.staysuregroup.com","","false"
"13.43.254.172","pffbh4hmnp69f96hf9pp9pdch2qc2nh2.bbc.co.uk","British Broadcasting Corporation","GB","London","","pagemon-data.int.cloud.bbc.co.uk|pagemon-data.int.tools.bbc.co.uk|pagemon-data.int.api.bbci.co.uk|pagemon-data.int.api.bbc.co.uk|pagemon-data.int.api.bbc.com|pagemon-data.int.md.bbc.co.uk","","false"
"13.43.254.179","*.fecom-web.com","","","","","*.fecom-web.com","","false"
"13.43.254.202","Kubernetes Ingress Controller Fake Certificate","Acme Co","","","","ingress.local","","true"
"13.43.254.203","sb-northstar.wolframrisk.com","","","","","sb-northstar.wolframrisk.com","","false"
"13.43.254.204","*.matrix.squiz.cloud","","","","","*.matrix.squiz.cloud|matrix.squiz.cloud","","false"
"13.43.254.205","origin.prod.eu-west-2.about.gca.amazon.dev","","","","","origin.prod.eu-west-2.about.gca.amazon.dev","","false"
"13.43.254.206","dreamexch.ai","","","","","dreamexch.ai|www.dreamexch.ai","","false"
"13.43.254.215","sherbertjobs.com","","","","","sherbertjobs.com|*.sherbertjobs.com","","false"
"13.43.254.217","*.execute-api.eu-west-2.amazonaws.com","","","","","*.execute-api.eu-west-2.amazonaws.com","","false"
"13.43.254.224","checksforyou.com","","","","","checksforyou.com|www.checksforyou.com","","false"
"13.43.254.223","notequals.xyz","","","","","notequals.xyz|*.notequals.xyz","","false"
"13.43.254.228","sabioltd2.ui.sabiomissioncontrol.com","","","","","sabioltd2.ui.sabiomissioncontrol.com","","false"
"13.43.254.229","helixdynamic.com","","","","","helixdynamic.com|www.helixdynamic.com","","false"
"13.43.254.238","*.egfngenq78kjc.eu-west-2.cs.amazonlightsail.com","","","","","*.egfngenq78kjc.eu-west-2.cs.amazonlightsail.com","","false"
"13.43.254.240","filmography.bfi.org.uk","","","","","filmography.bfi.org.uk","","false"
"13.43.254.249","*.eu-west-2.es.amazonaws.com","","","","","*.eu-west-2.es.amazonaws.com","","false"
"13.43.254.255","mautic.thejamesbonddossier.com","","","","","mautic.thejamesbonddossier.com","","false"
"13.43.254.251","*.investorschampion.com","","","","","*.investorschampion.com|investorschampion.com","","false"
"13.43.254.247","*.eu-west-2.reveal-global.com","","","","","*.eu-west-2.reveal-global.com|*.eu-west-2.reveal11.cloud|eu-west-2.reveal11.cloud|eu-west-2.reveal-global.com","","false"
"13.43.254.254","menuconnect.co.uk","","","","","menuconnect.co.uk|*.menuconnect.co.uk","","false"
"13.43.254.248","*.stickermarket.co.uk","","","","","*.stickermarket.co.uk|stickermarket.co.uk","","false"
"13.43.255.2","*.uk-prod.axs.com","","","","","*.uk-prod.axs.com","","false"
"13.43.255.3","*.genai.inforos.eu3.mprd.inforcloudsuite.com","","","","","*.genai.inforos.eu3.mprd.inforcloudsuite.com","","false"
"13.43.255.10","api-eu-west-2.cc.srs.ringcentral.com","","","","","api-eu-west-2.cc.srs.ringcentral.com","","false"
"13.43.255.9","gb.test.taskautomation.boomi.com","","","","","gb.test.taskautomation.boomi.com","","false"
"13.43.255.14","*.sangoma.cloud","","","","","*.sangoma.cloud|sangoma.cloud","","false"
"13.43.255.15","operational-website.prod.eu-west-2.ses.aws.a2z.com","","","","","operational-website.prod.eu-west-2.ses.aws.a2z.com|operational-website.ob.public.prod.eu-west-2.ses.aws.a2z.com","","false"
"13.43.255.16","*.saas.verinthms.com","VERINT AMERICAS INC.","US","Alpharetta","Georgia","*.saas.verinthms.com|saas.verinthms.com","","false"
"13.43.255.26","research.cloud.caristo.com","","","","","research.cloud.caristo.com|*.research.cloud.caristo.com","","false"
"13.43.255.27","*.griptonite.io","","","","","*.griptonite.io|griptonite.io","","false"
"13.43.255.36","*.iot.eu-west-2.amazonaws.com","","","","","iot.eu-west-2.amazonaws.com|*.iot.eu-west-2.amazonaws.com","","false"
"13.43.255.40","TRAEFIK DEFAULT CERT","","","","","4ee47c153e9db8b38198013d45b2a4e1.c304f5e52d24eaead35474744da36875.traefik.default","","true"
"13.43.255.42","*.hexxcellstudio.com","","","","","*.hexxcellstudio.com","","false"
"13.43.255.63","archibuddy-accenture.com","","","","","archibuddy-accenture.com","","false"
"13.43.255.66","example.com","","","","","example.com|www.example.com","127.0.0.1","true"
"13.43.255.78","cashinexch.com","","","","","cashinexch.com|*.cashinexch.com","","false"
"13.43.255.85","api.igi-uat.sendworkbench.com","","","","","api.igi-uat.sendworkbench.com","","false"
"13.43.255.83","*.xmin9d.gbr-e1.stgx.cloudhub.io","","","","","*.internal-xmin9d.gbr-e1.stgx.cloudhub.io|*.uk-e1.stgx.cloudhub.io|*.uk.stgx.cloudhub.io|*.xmin9d.gbr-e1.stgx.cloudhub.io","","false"
"13.43.255.86","producttracker.org","","","","","producttracker.org|*.producttracker.org","","false"
"13.43.255.96","kube-apiserver","","","","","1bd0b5c77e4cb3affc348e812bf48f5f.gr7.eu-west-2.eks.amazonaws.com|ip-172-16-37-142.eu-west-2.compute.internal|kubernetes|kubernetes.default|kubernetes.default.svc|kubernetes.default.svc.cluster.local","172.20.0.1|10.36.35.85|172.16.37.142","false"
"13.43.255.98","prod-uk.habitatenergy.online","","","","","prod-uk.habitatenergy.online|*.prod-uk.habitatenergy.online","","false"
"13.43.255.100","frencken.nomuda.cloud","","","","","frencken.nomuda.cloud|*.frencken.nomuda.cloud","","false"
"13.43.255.105","*.sdlproducts.com","","","","","*.sdlproducts.com","","false"
"13.43.255.106","vinciworks-dev.com","","","","","vinciworks-dev.com|*.vinciworks-dev.com","","false"
"13.43.255.107","toruschain.com","","","","","toruschain.com|*.toruschain.com","","false"
"13.43.255.108","*.eu-west-2.es.amazonaws.com","","","","","*.eu-west-2.es.amazonaws.com","","false"
"13.43.255.111","staging-minimba.digitalteam.co","","","","","staging-minimba.digitalteam.co","","false"
"13.43.255.123","*.circuits.software","","","","","*.circuits.software|uat.api.circuits.software|uat.portal.circuits.software","","false"
"13.43.255.130","eu.cashub.cloud","","","","","eu.cashub.cloud|*.eu.cashub.cloud","","false"
"13.43.255.131","sso.criistest.org.uk","","","","","sso.criistest.org.uk","","false"
"13.43.255.137","uk.dev-xtrakto.exlservice.com","","","","","uk.dev-xtrakto.exlservice.com|*.uk.dev-xtrakto.exlservice.com","","false"
"13.43.255.138","*.secondary-prd-euwest2.deliverability.cimpress.io","","","","","*.secondary-prd-euwest2.deliverability.cimpress.io","","false"
"13.43.255.142","hiscox-ui.uk.360sv.com","","","","","hiscox-ui.uk.360sv.com|hiscox.360siteview-export.com|hiscox-uk.360siteview.com","","false"
"13.43.255.143","*.aspedanconnect.com","","","","","*.aspedanconnect.com","","false"
"13.43.255.144","*.dynamify.com","","","","","*.dynamify.com","","false"
"13.43.255.150","lut.evm.online","","","","","lut.evm.online","","false"
"13.43.255.152","*.eu-west-2.es.amazonaws.com","","","","","*.eu-west-2.es.amazonaws.com","","false"
"13.43.255.158","13.43.255.158.cprapid.com","","","","","13.43.255.158.cprapid.com","","true"
"13.43.255.163","kuzzlev2.test.gs.sbgservices.com","","","","","kuzzlev2.test.gs.sbgservices.com","","false"
"13.43.255.160","*.salary-finance-ecs-nonprod.com","","","","","*.salary-finance-ecs-nonprod.com|*.saldev.net","","false"
"13.43.255.164","muzz-vpn.muzz.com","","","","","muzz-vpn.muzz.com","","false"
"13.43.255.165","kube-apiserver","","","","","71025d7b59be7a17d9674f936cb8e1d7.gr7.eu-west-2.eks.amazonaws.com|ip-172-16-105-195.eu-west-2.compute.internal|kubernetes|kubernetes.default|kubernetes.default.svc|kubernetes.default.svc.cluster.local","172.20.0.1|10.0.114.229|172.16.105.195","false"
"13.43.255.168","nexus.nhsbsa.net","","","","","nexus.nhsbsa.net","","false"
"13.43.255.172","*.execute-api.eu-west-2.amazonaws.com","","","","","*.execute-api.eu-west-2.amazonaws.com","","false"
"13.43.255.178","*.dev.4dkpmg.com","","","","","*.dev.4dkpmg.com|*.4dkpmg.com","","false"
"13.43.255.179","proxy.test.felix.domotz.app","","","","","proxy.test.felix.domotz.app","","false"
"13.43.255.181","uploads.aifun.io","","","","","uploads.aifun.io","","false"
"13.43.255.185","chronoswarm.net","","","","","chronoswarm.net|www.chronoswarm.net","","false"
"13.43.255.183","sayervincent.3cx.uk","","","","","sayervincent.3cx.uk","","false"
"13.43.255.186","notequals.xyz","","","","","notequals.xyz|*.notequals.xyz","","false"
"13.43.255.189","api.wordskii.rocks","","","","","api.wordskii.rocks|*.api.wordskii.rocks","","false"
"13.43.255.194","*.vjhemonc.com","","","","","*.vjhemonc.com|*.vjneurology.com|vjdementia.com|*.vjoncology.com|vjregenmed.com|vjhemonc.com|vjneurology.com|vjoncology.com|*.vjregenmed.com|*.vjdementia.com","","false"
"13.43.255.201","*.eu-west-2.es.amazonaws.com","","","","","*.eu-west-2.es.amazonaws.com","","false"
"13.43.255.199","apitest.crepchiefnotify.com","","","","","apitest.crepchiefnotify.com","","false"
"13.43.255.204","appscenic.com","","","","","appscenic.com|*.appscenic.com","","false"
"13.43.255.210","dev.stepyourworld.com","","","","","dev.stepyourworld.com|*.dev.stepyourworld.com","","false"
"13.43.255.214","dev.4xteck.com","","","","","dev.4xteck.com|*.clients.dev.4xteck.com|*.backoffice.dev.4xteck.com|*.dev.4xteck.com","","false"
"13.43.255.223","*.sypol.uk.test.aws.ecoonline.net","","","","","*.sypol.uk.test.aws.ecoonline.net","","false"
"13.43.255.232","dayflex.co.uk","","","","","dayflex.co.uk|www.dayflex.co.uk","","false"
"13.43.255.242","linney-boots-uat.co.uk","","","","","linney-boots-uat.co.uk|reviewpanel.linney-boots-uat.co.uk|sampling.linney-boots-uat.co.uk|waitinglist.linney-boots-uat.co.uk","","false"
"13.43.255.250","*.ps.amutri.com","","","","","*.ps.amutri.com","","false"
"13.43.255.255","hightiles.co.uk","","","","","hightiles.co.uk|www.hightiles.co.uk","","false"
"13.43.255.254","*.aime.ventures","","","","","*.aime.ventures","","false"
